refinedUse,' dow',' dType',' Time','predicted Cluster',' Cluster'
0,4,1,6500,cluster11,cluster11
0,4,1,6490,cluster11,cluster11
0,4,1,6480,cluster11,cluster11
0,4,1,6470,cluster11,cluster11
0,4,1,6460,cluster11,cluster11
0,4,1,6450,cluster11,cluster11
0,4,1,6440,cluster11,cluster11
0,4,1,6430,cluster11,cluster11
0,4,1,6420,cluster11,cluster11
0,4,1,6410,cluster11,cluster11
0,6,0,12500,cluster11,cluster11
0,6,0,12490,cluster11,cluster11
0,6,0,12480,cluster11,cluster11
0,6,0,12470,cluster11,cluster11
0,6,0,12460,cluster11,cluster11
0,6,0,12450,cluster11,cluster11
0,6,0,12440,cluster11,cluster11
0,6,0,12430,cluster11,cluster11
0,6,0,12420,cluster11,cluster11
0,6,0,12410,cluster11,cluster11
0.7834,5,1,11500,cluster11,cluster11
0.959299,5,1,11490,cluster11,cluster7
1.0284,5,1,11440,cluster11,cluster7
1.0436,5,1,11430,cluster11,cluster7
1.02693,5,1,11420,cluster11,cluster7
1.01528,5,1,11410,cluster11,cluster7
0.1307,4,1,7400,cluster11,cluster11
0.164066,4,1,7390,cluster11,cluster11
0.141766,4,1,7380,cluster11,cluster11
0.095917,4,1,7370,cluster11,cluster11
0.097466,4,1,7360,cluster11,cluster11
0.097683,4,1,7350,cluster11,cluster11
0.097634,4,1,7340,cluster11,cluster11
0.093333,4,1,7330,cluster11,cluster11
0,4,1,7320,cluster11,cluster11
0,4,1,7310,cluster11,cluster11
0,4,1,6400,cluster11,cluster11
0,4,1,6390,cluster11,cluster11
0,4,1,6380,cluster11,cluster11
0,4,1,6370,cluster11,cluster11
0,4,1,6360,cluster11,cluster11
0,4,1,6350,cluster11,cluster11
0,4,1,6340,cluster11,cluster11
0,4,1,6330,cluster11,cluster11
0,4,1,6320,cluster11,cluster11
0.03475,4,1,6310,cluster11,cluster11
0,6,0,12400,cluster11,cluster11
0,6,0,12390,cluster11,cluster11
0,6,0,12380,cluster11,cluster11
0,6,0,12370,cluster11,cluster11
0,6,0,12360,cluster11,cluster11
0,6,0,12350,cluster11,cluster11
0,6,0,12340,cluster11,cluster11
0,6,0,12330,cluster11,cluster11
0,6,0,12320,cluster11,cluster11
0,6,0,12310,cluster11,cluster11
1.01983,5,1,11400,cluster11,cluster7
1.07805,5,1,11390,cluster11,cluster7
1.05267,5,1,11380,cluster11,cluster7
1.04143,5,1,11370,cluster11,cluster7
1.08048,5,1,11330,cluster11,cluster7
0.947484,5,1,11320,cluster11,cluster7
0.7825,5,1,11310,cluster11,cluster7
0,4,1,7300,cluster11,cluster11
0,4,1,7290,cluster11,cluster11
0,4,1,7280,cluster11,cluster11
0,4,1,7270,cluster11,cluster11
0,4,1,7260,cluster11,cluster11
0,4,1,7250,cluster11,cluster11
0,4,1,7240,cluster11,cluster11
0,4,1,7230,cluster11,cluster11
0,4,1,7220,cluster11,cluster11
0,4,1,7210,cluster11,cluster11
0.049684,4,1,6300,cluster11,cluster11
0.020101,4,1,6290,cluster11,cluster11
0.027149,4,1,6280,cluster11,cluster11
0.031583,4,1,6270,cluster11,cluster11
0.038417,4,1,6260,cluster11,cluster11
0.039767,4,1,6250,cluster11,cluster11
0.03795,4,1,6240,cluster11,cluster11
0.039932,4,1,6230,cluster11,cluster11
0.045435,4,1,6220,cluster11,cluster11
0.018834,4,1,6210,cluster11,cluster11
0,6,0,12300,cluster11,cluster11
0,6,0,12290,cluster11,cluster11
0,6,0,12280,cluster11,cluster11
0,6,0,12270,cluster11,cluster11
0,6,0,12260,cluster11,cluster11
0,6,0,12250,cluster11,cluster11
0,6,0,12240,cluster11,cluster11
0,6,0,12230,cluster11,cluster11
0,6,0,12220,cluster11,cluster11
0,6,0,12210,cluster11,cluster11
0.650333,5,1,11300,cluster11,cluster7
0.427517,5,1,11290,cluster11,cluster7
0.950666,5,1,11280,cluster11,cluster7
0.5491,5,1,11250,cluster11,cluster7
0.422933,5,1,11240,cluster11,cluster7
0.417166,5,1,11230,cluster11,cluster7
0.864266,5,1,11220,cluster11,cluster7
0,6,0,8300,cluster11,cluster7
0,6,0,8290,cluster11,cluster7
0,6,0,8280,cluster11,cluster7
0.234851,4,1,10200,cluster15,cluster11
0.23943,4,1,10190,cluster11,cluster11
0.034016,6,0,8230,cluster11,cluster7
0.218721,4,1,10180,cluster11,cluster11
0,6,0,8220,cluster11,cluster7
0.216697,4,1,10170,cluster11,cluster11
0.224231,4,1,10160,cluster11,cluster11
0.215913,4,1,10150,cluster11,cluster11
0.250533,4,1,10140,cluster11,cluster11
0.292567,4,1,10130,cluster11,cluster11
0.204303,4,1,10120,cluster11,cluster11
0,4,1,7200,cluster11,cluster11
0.293901,4,1,10110,cluster11,cluster11
0,4,1,7190,cluster11,cluster11
0,4,1,7180,cluster11,cluster11
0,4,1,7170,cluster11,cluster11
0,4,1,7160,cluster11,cluster11
0,4,1,7150,cluster11,cluster11
0,4,1,7140,cluster11,cluster11
0,4,1,7130,cluster11,cluster11
0,4,1,7120,cluster11,cluster11
0.018098,4,1,7110,cluster11,cluster11
0.0214,4,1,6200,cluster11,cluster11
0.0231,4,1,6190,cluster11,cluster11
0.109034,4,1,6180,cluster11,cluster11
0.099066,4,1,6170,cluster11,cluster11
0.116917,4,1,6160,cluster11,cluster11
0.107566,4,1,6150,cluster11,cluster11
0.107166,4,1,6140,cluster11,cluster11
0.109766,4,1,6130,cluster11,cluster11
0.111416,4,1,6120,cluster11,cluster11
0.095232,4,1,6110,cluster11,cluster11
1.04099,5,1,11190,cluster11,cluster7
1.02195,5,1,11180,cluster11,cluster7
0.680117,5,1,11170,cluster11,cluster7
0.337367,5,1,11160,cluster11,cluster7
0.263349,5,1,11150,cluster11,cluster7
0.188167,5,1,11140,cluster11,cluster7
0.564167,5,1,11130,cluster11,cluster7
0.312533,5,1,11110,cluster11,cluster7
0,6,0,8210,cluster11,cluster7
0,6,0,8200,cluster11,cluster7
0.005497,6,0,8190,cluster11,cluster7
0.108856,6,0,8180,cluster11,cluster7
0.182343,6,0,8160,cluster11,cluster7
0.172986,6,0,8150,cluster11,cluster7
0.294766,4,1,10100,cluster11,cluster11
0.295516,4,1,10090,cluster11,cluster11
0.093014,4,1,10080,cluster11,cluster11
0.2342,6,0,8120,cluster11,cluster7
0,4,1,10070,cluster11,cluster11
0,4,1,10060,cluster11,cluster11
0,4,1,10050,cluster11,cluster11
0,4,1,10040,cluster11,cluster11
0,4,1,10030,cluster11,cluster11
0,4,1,10020,cluster11,cluster11
0.025466,4,1,7100,cluster11,cluster11
0,4,1,10010,cluster11,cluster11
0.043383,4,1,7090,cluster11,cluster11
0.036883,4,1,7080,cluster11,cluster11
0.039684,4,1,7070,cluster11,cluster11
0.02255,4,1,7060,cluster11,cluster11
0.041467,4,1,7050,cluster11,cluster11
0.041716,4,1,7040,cluster11,cluster11
0.0264,4,1,7030,cluster11,cluster11
0.025634,4,1,7020,cluster11,cluster11
0.036683,4,1,7010,cluster11,cluster11
0.101917,4,1,6100,cluster11,cluster11
0.111533,4,1,6090,cluster11,cluster11
0.098033,4,1,6080,cluster11,cluster11
0.104433,4,1,6070,cluster11,cluster11
0.101351,4,1,6060,cluster11,cluster11
0.110267,4,1,6050,cluster11,cluster11
0.11855,4,1,6040,cluster11,cluster11
0.1252,4,1,6030,cluster11,cluster11
0.106817,4,1,6020,cluster11,cluster11
0.13865,4,1,6010,cluster11,cluster11
0.279287,6,0,210,cluster11,cluster11
0.238707,6,0,200,cluster11,cluster11
0.056249,6,0,190,cluster11,cluster11
0.076168,6,0,180,cluster11,cluster11
0.192297,6,0,170,cluster11,cluster11
0.458199,6,0,160,cluster15,cluster11
0,6,0,150,cluster11,cluster11
0.122712,6,0,140,cluster11,cluster11
0.326267,5,1,11100,cluster11,cluster7
0.329616,5,1,11090,cluster11,cluster7
0.344917,5,1,11080,cluster11,cluster7
0.33635,5,1,11070,cluster11,cluster7
0.35065,5,1,11060,cluster11,cluster7
0.369568,5,1,11050,cluster11,cluster7
0.364983,5,1,11040,cluster11,cluster7
0.335034,5,1,11030,cluster11,cluster7
0.344983,5,1,11020,cluster11,cluster7
0.311317,5,1,11010,cluster11,cluster7
0.161303,6,0,8090,cluster11,cluster7
0.173683,6,0,8080,cluster11,cluster7
0.028786,6,0,8060,cluster11,cluster7
0.213393,6,0,8030,cluster11,cluster7
0.205157,6,0,8020,cluster11,cluster7
0,0,0,8580,cluster11,cluster11
0,0,0,8570,cluster11,cluster11
0.181057,0,0,8560,cluster11,cluster11
0.140986,0,0,8540,cluster11,cluster11
0,0,0,8530,cluster11,cluster11
0,0,0,8520,cluster11,cluster11
0.492757,6,0,110,cluster15,cluster11
0.334118,5,1,11000,cluster11,cluster7
0.31025,5,1,10590,cluster11,cluster7
0.33575,5,1,10580,cluster11,cluster7
0.326184,5,1,10570,cluster11,cluster7
0.353149,5,1,10560,cluster11,cluster7
0.328,5,1,10550,cluster11,cluster7
0.330301,5,1,10540,cluster11,cluster7
0.342767,5,1,10530,cluster11,cluster7
0.33095,5,1,10520,cluster11,cluster7
0.382334,5,1,10510,cluster11,cluster7
0.214803,6,0,8010,cluster11,cluster7
0.22174,6,0,8000,cluster11,cluster7
0.107068,6,0,7580,cluster11,cluster11
0,6,0,7570,cluster11,cluster11
0,6,0,7560,cluster11,cluster11
0,6,0,7550,cluster11,cluster11
0,6,0,7540,cluster11,cluster11
0,6,0,7530,cluster11,cluster11
0.027033,6,0,7520,cluster11,cluster11
0,4,1,19010,cluster11,cluster11
0.043003,4,1,19000,cluster11,cluster11
0.020503,4,1,18590,cluster11,cluster11
0.028767,4,1,18580,cluster11,cluster11
0,4,1,18570,cluster11,cluster11
0,4,1,18560,cluster11,cluster11
0,4,1,18550,cluster11,cluster11
0,4,1,18540,cluster11,cluster11
0,4,1,18530,cluster11,cluster11
0,4,1,18520,cluster11,cluster11
0,0,0,8510,cluster11,cluster11
0.572034,0,0,8500,cluster7,cluster11
0.504616,0,0,8490,cluster7,cluster11
0.06822,0,0,8480,cluster11,cluster11
0.075668,0,0,8470,cluster11,cluster11
0.1312,0,0,8460,cluster11,cluster11
0.172483,0,0,8450,cluster11,cluster11
0.047654,0,0,8440,cluster11,cluster11
0.136983,0,0,8430,cluster11,cluster11
0.087591,0,0,8420,cluster11,cluster11
0.531434,5,1,10500,cluster11,cluster7
0.537617,5,1,10490,cluster11,cluster7
0.5247,5,1,10480,cluster11,cluster7
0.519883,5,1,10470,cluster11,cluster7
0.516468,5,1,10460,cluster11,cluster7
0.699882,5,1,10450,cluster11,cluster7
0.72145,5,1,10420,cluster11,cluster7
0.915166,5,1,10410,cluster11,cluster7
0,6,0,7500,cluster11,cluster11
0,6,0,7490,cluster11,cluster11
0,6,0,7480,cluster11,cluster11
0.178803,6,0,7460,cluster11,cluster11
0,6,0,7450,cluster11,cluster11
0.086317,6,0,7420,cluster11,cluster11
0,4,1,18510,cluster11,cluster11
0,4,1,18500,cluster11,cluster11
0,4,1,18490,cluster11,cluster11
0,4,1,18480,cluster11,cluster11
0,4,1,18470,cluster11,cluster11
0,4,1,18460,cluster11,cluster11
0,4,1,18450,cluster11,cluster11
0,4,1,18440,cluster11,cluster11
0,4,1,18430,cluster11,cluster11
0.204903,4,1,18420,cluster11,cluster11
0.227103,5,1,14400,cluster11,cluster3
0.059604,0,0,8410,cluster11,cluster11
0.052256,0,0,8400,cluster11,cluster11
0.075396,0,0,8390,cluster11,cluster11
0.070983,0,0,8380,cluster11,cluster11
0.059597,0,0,8370,cluster11,cluster11
0.07663,0,0,8360,cluster11,cluster11
0.008806,0,0,8350,cluster11,cluster11
0.109887,0,0,8340,cluster11,cluster11
0.184907,0,0,8330,cluster11,cluster11
0.092053,0,0,8320,cluster11,cluster11
0.719233,5,1,10350,cluster11,cluster7
0.747,5,1,10340,cluster11,cluster7
0.018093,6,0,7410,cluster11,cluster11
0,6,0,7380,cluster11,cluster11
0.232077,6,0,7370,cluster11,cluster11
0,4,1,18400,cluster11,cluster11
0,4,1,18390,cluster11,cluster11
0,4,1,18380,cluster11,cluster11
0,4,1,18370,cluster11,cluster11
0,4,1,18360,cluster11,cluster11
0,4,1,18350,cluster11,cluster11
0,4,1,18340,cluster11,cluster11
0,4,1,18330,cluster11,cluster11
0.087814,0,0,8310,cluster11,cluster11
0.102336,0,0,8300,cluster11,cluster11
0.0786,0,0,8290,cluster11,cluster11
0.081203,0,0,8280,cluster11,cluster11
0.06214,0,0,8270,cluster11,cluster11
0.105491,0,0,8260,cluster11,cluster11
0.059744,0,0,8250,cluster11,cluster11
0.078587,0,0,8240,cluster11,cluster11
0.051367,0,0,8230,cluster11,cluster11
0.072224,0,0,8220,cluster11,cluster11
1.08385,5,1,10300,cluster11,cluster7
0.499668,5,1,10290,cluster11,cluster7
0.511766,5,1,10280,cluster11,cluster7
0.8542,5,1,10270,cluster11,cluster7
0.625034,5,1,10220,cluster11,cluster7
0.3109,5,1,10210,cluster11,cluster11
0.2123,6,0,7270,cluster11,cluster11
0.213137,6,0,7260,cluster11,cluster11
0,6,0,7250,cluster11,cluster11
0,6,0,7240,cluster11,cluster11
0.04304,6,0,7230,cluster11,cluster11
0.111776,6,0,7220,cluster11,cluster11
0.09175,4,1,18300,cluster11,cluster11
0.139306,4,1,18290,cluster11,cluster11
0.23615,4,1,18280,cluster11,cluster11
0.1068,4,1,18270,cluster11,cluster11
0.113874,4,1,18260,cluster11,cluster11
0.107983,4,1,18250,cluster11,cluster11
0.110006,4,1,18240,cluster11,cluster11
0,4,1,18230,cluster11,cluster11
0,4,1,18220,cluster11,cluster11
0.065634,0,0,8210,cluster11,cluster11
0.094051,0,0,8200,cluster11,cluster11
0.042374,0,0,8190,cluster11,cluster11
0,0,0,8180,cluster11,cluster11
0.035811,0,0,8170,cluster11,cluster11
0.06247,0,0,8160,cluster11,cluster11
0.090066,0,0,8150,cluster11,cluster11
0.136786,0,0,8140,cluster11,cluster11
0.098919,0,0,8130,cluster11,cluster11
0.165987,0,0,8120,cluster11,cluster11
0.109583,6,0,7210,cluster11,cluster11
0.200686,6,0,7200,cluster11,cluster11
0.162177,6,0,7190,cluster11,cluster11
0.170397,6,0,7180,cluster11,cluster11
0.172113,6,0,7170,cluster11,cluster11
0.183266,6,0,7160,cluster11,cluster11
0.177801,6,0,7150,cluster11,cluster11
0.189753,6,0,7140,cluster11,cluster11
0.18055,6,0,7130,cluster11,cluster11
0.193056,6,0,7120,cluster11,cluster11
0,4,1,18210,cluster11,cluster11
0,4,1,18200,cluster11,cluster11
0,4,1,18190,cluster11,cluster11
0,4,1,18180,cluster11,cluster11
0,4,1,18160,cluster11,cluster11
0,4,1,18150,cluster11,cluster3
0,4,1,18140,cluster11,cluster11
0,4,1,18130,cluster11,cluster11
0,4,1,18120,cluster11,cluster11
0.10818,0,0,8110,cluster11,cluster11
0,0,0,8100,cluster11,cluster11
0,0,0,8090,cluster11,cluster11
0.232041,0,0,8070,cluster11,cluster11
0.109256,0,0,8060,cluster11,cluster11
0.16965,0,0,8050,cluster11,cluster11
0.141454,0,0,8040,cluster11,cluster11
0.054134,0,0,8030,cluster11,cluster11
0.078224,0,0,8020,cluster11,cluster11
0.328434,5,1,23210,cluster3,cluster11
0.163673,5,1,23190,cluster11,cluster11
0.161189,5,1,23180,cluster11,cluster11
0.076688,6,0,23200,cluster11,cluster11
0.062299,6,0,23190,cluster11,cluster11
0.115224,6,0,23180,cluster11,cluster11
0.12719,6,0,23170,cluster11,cluster11
0.15887,6,0,23160,cluster3,cluster11
0.189053,6,0,23150,cluster3,cluster11
0,6,0,23140,cluster11,cluster11
0,6,0,23130,cluster11,cluster11
0,6,0,23120,cluster11,cluster11
0.18793,6,0,7110,cluster11,cluster11
0.200349,6,0,7100,cluster11,cluster11
0.198804,6,0,7090,cluster11,cluster11
0.168899,6,0,7080,cluster11,cluster11
0.133384,6,0,7070,cluster11,cluster11
0,6,0,7060,cluster11,cluster11
0,6,0,7050,cluster11,cluster11
0.310974,6,0,7040,cluster11,cluster11
0.77003,6,0,7030,cluster11,cluster11
0.06272,6,0,7020,cluster11,cluster11
0,4,1,18110,cluster11,cluster11
0,4,1,18100,cluster11,cluster11
0,4,1,18090,cluster11,cluster11
0,4,1,18080,cluster11,cluster11
0,4,1,18070,cluster11,cluster11
0,4,1,18060,cluster11,cluster11
0,4,1,18050,cluster11,cluster11
0.002004,4,1,18040,cluster11,cluster11
0,4,1,18030,cluster11,cluster11
0,4,1,18020,cluster11,cluster11
0.07785,0,0,8010,cluster11,cluster11
0.058976,0,0,8000,cluster11,cluster11
0.095286,0,0,7590,cluster11,cluster11
0.079683,0,0,7580,cluster11,cluster11
0.063033,0,0,7570,cluster11,cluster11
0.08164,0,0,7560,cluster11,cluster11
0.10957,0,0,7550,cluster11,cluster11
0.06427,0,0,7540,cluster11,cluster11
0.061943,0,0,7530,cluster11,cluster11
0.072507,0,0,7520,cluster11,cluster11
0.040801,5,1,23110,cluster11,cluster11
0.00824,5,1,23100,cluster11,cluster11
0,5,1,23090,cluster11,cluster11
0.040737,5,1,23030,cluster11,cluster11
0.047165,5,1,23020,cluster11,cluster11
0,6,0,23110,cluster11,cluster11
0,6,0,23100,cluster11,cluster11
0.082937,6,0,23090,cluster11,cluster11
0.03259,6,0,23080,cluster11,cluster11
0,6,0,23070,cluster11,cluster11
0,6,0,23060,cluster11,cluster11
0,6,0,23050,cluster11,cluster11
0,6,0,23040,cluster11,cluster11
0,6,0,23030,cluster11,cluster11
0,6,0,23020,cluster11,cluster11
0,4,1,18010,cluster11,cluster11
0,4,1,18000,cluster11,cluster11
0,4,1,17590,cluster11,cluster11
0,4,1,17580,cluster11,cluster11
0.16711,4,1,17570,cluster11,cluster11
0,4,1,17550,cluster11,cluster11
0,4,1,17540,cluster11,cluster11
0,4,1,17530,cluster11,cluster11
0,4,1,17520,cluster11,cluster11
0.060836,0,0,7510,cluster11,cluster11
0.03797,0,0,7500,cluster11,cluster11
1.02677,0,0,7480,cluster9,cluster11
0.169534,6,0,5200,cluster11,cluster11
0.158782,6,0,5190,cluster11,cluster11
0.152651,6,0,5180,cluster11,cluster11
0.162983,6,0,5170,cluster11,cluster11
0.162684,6,0,5160,cluster11,cluster11
0.161417,6,0,5150,cluster11,cluster11
0.165833,6,0,5140,cluster11,cluster11
0.15335,6,0,5130,cluster11,cluster11
0.155449,6,0,5120,cluster11,cluster11
0.160051,6,0,5110,cluster11,cluster11
0.0488,5,1,23010,cluster11,cluster11
0.045355,5,1,23000,cluster11,cluster11
0.050533,5,1,22590,cluster11,cluster11
0.047417,5,1,22580,cluster11,cluster11
0.044289,5,1,22570,cluster11,cluster11
0.047453,5,1,22560,cluster11,cluster11
0.049352,5,1,22550,cluster11,cluster11
0.050683,5,1,22530,cluster11,cluster11
0,6,0,23010,cluster11,cluster11
0,6,0,23000,cluster11,cluster11
0,6,0,22590,cluster11,cluster11
0,6,0,22580,cluster11,cluster11
0,6,0,22570,cluster11,cluster11
0,6,0,22560,cluster11,cluster11
0,6,0,22550,cluster11,cluster11
0,6,0,22540,cluster11,cluster11
0,4,1,17510,cluster11,cluster11
0,4,1,17500,cluster11,cluster11
0,4,1,17490,cluster11,cluster11
0,4,1,17480,cluster11,cluster11
0,4,1,17470,cluster11,cluster11
0,4,1,17460,cluster11,cluster11
0,4,1,17450,cluster11,cluster11
0,4,1,17440,cluster11,cluster11
0,4,1,17430,cluster11,cluster11
0,4,1,17420,cluster11,cluster11
0.16265,6,0,5100,cluster11,cluster11
0.154866,6,0,5090,cluster11,cluster11
0.164967,6,0,5080,cluster11,cluster11
0.160616,6,0,5070,cluster11,cluster11
0.157616,6,0,5060,cluster11,cluster11
0.168566,6,0,5050,cluster11,cluster11
0.216567,6,0,5040,cluster11,cluster11
0.291799,6,0,5030,cluster11,cluster11
0.29905,6,0,5020,cluster11,cluster11
0.292217,6,0,5010,cluster11,cluster11
0.000837,5,1,22510,cluster11,cluster11
0,5,1,22500,cluster11,cluster11
0.036335,5,1,22490,cluster11,cluster11
0.0379,5,1,22480,cluster11,cluster11
0.039269,5,1,22470,cluster11,cluster11
0.05,5,1,22460,cluster11,cluster11
0.373936,0,0,12320,cluster3,cluster11
0.129257,6,0,22510,cluster11,cluster11
0.054254,6,0,22500,cluster11,cluster11
0.059969,6,0,22490,cluster11,cluster11
0.058357,6,0,22480,cluster11,cluster11
0.058683,6,0,22470,cluster11,cluster11
0.063474,6,0,22460,cluster11,cluster11
0.082637,6,0,22450,cluster11,cluster11
0.061453,6,0,22440,cluster11,cluster11
0.183906,6,0,22430,cluster3,cluster11
0.193651,1,1,2580,cluster11,cluster11
0.100982,1,1,2560,cluster16,cluster11
0,4,1,17410,cluster11,cluster11
0,4,1,17380,cluster11,cluster11
0,4,1,17370,cluster11,cluster11
0,4,1,17360,cluster11,cluster11
0.040249,4,1,17350,cluster11,cluster11
0.097487,4,1,17340,cluster11,cluster11
0,4,1,17330,cluster11,cluster11
0,4,1,17320,cluster11,cluster11
0,0,1,20000,cluster11,cluster11
0,0,1,19590,cluster11,cluster11
0,0,1,19580,cluster11,cluster11
0,0,1,19570,cluster11,cluster11
0.295066,6,0,5000,cluster11,cluster11
0,0,1,19560,cluster11,cluster11
0.299666,6,0,4590,cluster11,cluster11
0,0,1,19550,cluster11,cluster11
0.294718,6,0,4580,cluster11,cluster11
0,0,1,19540,cluster11,cluster11
0.273466,6,0,4570,cluster11,cluster11
0,0,1,19530,cluster11,cluster11
0.281034,6,0,4560,cluster11,cluster11
0,0,1,19520,cluster11,cluster11
0.279667,6,0,4550,cluster11,cluster11
0,0,1,19510,cluster11,cluster11
0.290017,6,0,4540,cluster11,cluster11
0.197,6,0,4530,cluster11,cluster11
0.129732,6,0,4520,cluster11,cluster11
0.133966,6,0,4510,cluster11,cluster11
0.377803,0,0,12300,cluster3,cluster11
0.009857,5,1,22410,cluster11,cluster11
0,5,1,22400,cluster11,cluster11
0.36995,0,0,12270,cluster3,cluster11
0,5,1,22390,cluster11,cluster11
0,5,1,22380,cluster11,cluster11
0.378273,0,0,12250,cluster3,cluster11
0,5,1,22370,cluster11,cluster11
0.37512,0,0,12240,cluster3,cluster11
0,5,1,22360,cluster11,cluster11
0,5,1,22350,cluster11,cluster11
0,5,1,22340,cluster11,cluster11
0,5,1,22330,cluster11,cluster11
0,5,1,22320,cluster11,cluster11
0.030449,0,0,21580,cluster11,cluster11
0.028735,0,0,21570,cluster11,cluster11
0.037217,0,0,21560,cluster11,cluster11
0.031883,0,0,21550,cluster11,cluster11
0.035517,0,0,21540,cluster11,cluster11
0.034316,0,0,21530,cluster11,cluster11
0.041617,0,0,21520,cluster11,cluster11
0.034383,0,0,21500,cluster11,cluster11
0.133183,1,1,2490,cluster16,cluster11
0.188083,1,1,2480,cluster11,cluster11
0.189999,1,1,2470,cluster11,cluster11
0.181033,1,1,2460,cluster11,cluster11
0.106351,1,1,2420,cluster11,cluster11
0.106099,1,1,2410,cluster11,cluster11
0,4,1,17310,cluster11,cluster11
0,4,1,17300,cluster11,cluster11
0,4,1,17290,cluster11,cluster11
0,4,1,17280,cluster11,cluster11
0.05174,4,1,17270,cluster11,cluster11
0.086056,4,1,17260,cluster11,cluster11
0,4,1,17250,cluster11,cluster11
0,4,1,17240,cluster11,cluster11
0,4,1,17230,cluster11,cluster11
0,0,1,19500,cluster11,cluster11
0,0,1,19490,cluster11,cluster11
0,0,1,19480,cluster11,cluster11
0,0,1,19470,cluster11,cluster11
0.143849,6,0,4500,cluster11,cluster11
0,0,1,19460,cluster11,cluster11
0.139166,6,0,4490,cluster11,cluster11
0,0,1,19450,cluster11,cluster11
0.149616,6,0,4480,cluster11,cluster11
0,0,1,19440,cluster11,cluster11
0.134617,6,0,4470,cluster11,cluster11
0,0,1,19430,cluster11,cluster11
0.130283,6,0,4460,cluster11,cluster11
0,0,1,19420,cluster11,cluster11
0.1471,6,0,4450,cluster11,cluster11
0,0,1,19410,cluster11,cluster11
0.123816,6,0,4440,cluster11,cluster11
0.144883,6,0,4430,cluster11,cluster11
0.134334,6,0,4420,cluster11,cluster11
0.138017,6,0,4410,cluster11,cluster11
0,5,1,22310,cluster11,cluster11
0,5,1,22300,cluster11,cluster11
0,5,1,22290,cluster11,cluster11
0,5,1,22280,cluster11,cluster11
0,5,1,22270,cluster11,cluster11
0,5,1,22260,cluster11,cluster11
0,5,1,22250,cluster11,cluster11
0,5,1,22240,cluster11,cluster11
0,5,1,22230,cluster11,cluster11
0,0,0,21450,cluster11,cluster11
0,0,0,21440,cluster11,cluster11
0,0,0,21430,cluster11,cluster11
0,0,0,21420,cluster11,cluster11
0.107183,1,1,2400,cluster11,cluster11
0.104551,1,1,2390,cluster11,cluster11
0.104417,1,1,2380,cluster11,cluster11
0.106616,1,1,2370,cluster11,cluster11
0.106949,1,1,2360,cluster11,cluster11
0.108867,1,1,2350,cluster11,cluster11
0.107017,1,1,2340,cluster11,cluster11
0.105884,1,1,2330,cluster11,cluster11
0.1043,1,1,2320,cluster11,cluster11
0.195832,4,1,16370,cluster11,cluster3
0,4,1,13400,cluster11,cluster11
0,4,1,13390,cluster11,cluster11
0,4,1,13380,cluster11,cluster11
0,4,1,13370,cluster11,cluster11
0,4,1,13360,cluster11,cluster11
0,4,1,13350,cluster11,cluster11
0,4,1,13340,cluster11,cluster11
0,4,1,13330,cluster11,cluster11
0,4,1,13320,cluster11,cluster11
0,4,1,13310,cluster11,cluster11
0,0,1,19400,cluster11,cluster11
0,0,1,19390,cluster11,cluster11
0,0,1,19380,cluster11,cluster11
0,0,1,19370,cluster11,cluster11
0.141767,6,0,4400,cluster11,cluster11
0,0,1,19360,cluster11,cluster11
0.1306,6,0,4390,cluster11,cluster11
0,0,1,19350,cluster11,cluster11
0.132316,6,0,4380,cluster11,cluster11
0,0,1,19340,cluster11,cluster11
0.1266,6,0,4370,cluster11,cluster11
0.302116,1,1,3270,cluster11,cluster3
0,0,1,19330,cluster11,cluster11
0.145283,6,0,4360,cluster11,cluster11
0.304816,1,1,3260,cluster11,cluster3
0,0,1,19320,cluster11,cluster11
0.114034,6,0,4350,cluster11,cluster11
0,0,1,19310,cluster11,cluster11
0.033867,6,0,4340,cluster11,cluster11
0.065149,6,0,4330,cluster11,cluster11
0.055551,6,0,4320,cluster11,cluster11
0.034334,6,0,4310,cluster11,cluster11
0,5,1,22200,cluster11,cluster11
0.013066,0,0,21390,cluster11,cluster11
0.01095,0,0,21380,cluster11,cluster11
0.029334,0,0,21370,cluster11,cluster11
0.012467,0,0,21340,cluster11,cluster11
0.037634,0,0,21330,cluster11,cluster11
0,0,0,21310,cluster11,cluster11
0,0,0,21300,cluster11,cluster11
0.189383,1,1,2280,cluster11,cluster11
0.1137,1,1,2270,cluster16,cluster11
0.111483,1,1,2250,cluster16,cluster11
0.120167,1,1,2240,cluster16,cluster11
0.11305,1,1,2210,cluster16,cluster11
0,4,1,13300,cluster11,cluster11
0,4,1,13290,cluster11,cluster11
0,4,1,13280,cluster11,cluster11
0,4,1,13270,cluster11,cluster11
0,4,1,13260,cluster11,cluster11
0,4,1,13250,cluster11,cluster11
0,4,1,13240,cluster11,cluster11
0,4,1,13230,cluster11,cluster11
0,4,1,13220,cluster11,cluster11
0,4,1,13210,cluster11,cluster11
0,0,1,19300,cluster11,cluster11
0,0,1,19290,cluster11,cluster11
0,0,1,19280,cluster11,cluster11
0,0,1,19270,cluster11,cluster11
0.05415,6,0,4300,cluster11,cluster11
0,0,1,19260,cluster11,cluster11
0.111267,6,0,4290,cluster11,cluster11
0.103751,1,1,3190,cluster11,cluster11
0,0,1,19250,cluster11,cluster11
0.111433,6,0,4280,cluster11,cluster11
0.091634,1,1,3180,cluster11,cluster11
0,0,1,19240,cluster11,cluster11
0.316518,6,0,4270,cluster11,cluster11
0.075133,1,1,3170,cluster11,cluster11
0,0,1,19230,cluster11,cluster11
0.225667,6,0,4260,cluster11,cluster11
0.047267,1,1,3160,cluster11,cluster11
0,0,1,19220,cluster11,cluster11
0.240551,6,0,4250,cluster11,cluster11
0.031783,1,1,3150,cluster11,cluster11
0,0,1,19210,cluster11,cluster11
0.034433,6,0,4240,cluster11,cluster11
0.058517,1,1,3140,cluster11,cluster11
0,6,0,4230,cluster11,cluster11
0.046533,1,1,3130,cluster11,cluster11
0,6,0,4220,cluster11,cluster11
0.050266,1,1,3120,cluster11,cluster11
0.120765,6,0,4210,cluster11,cluster11
0.05415,1,1,3110,cluster11,cluster11
0,0,0,21290,cluster11,cluster11
0.0201,0,0,21280,cluster11,cluster11
0.01568,0,0,21270,cluster11,cluster11
0,0,0,21260,cluster11,cluster11
0,0,0,21250,cluster11,cluster11
0,2,1,8200,cluster11,cluster11
0,0,0,21240,cluster11,cluster11
0,2,1,8190,cluster11,cluster11
0,2,1,8180,cluster11,cluster11
0,2,1,8170,cluster11,cluster11
0,2,1,8160,cluster11,cluster11
0,2,1,8150,cluster11,cluster11
0,2,1,8140,cluster11,cluster11
0.12545,1,1,2200,cluster16,cluster11
0,2,1,8130,cluster11,cluster11
0.116766,1,1,2190,cluster16,cluster11
0,2,1,8120,cluster11,cluster11
0.118317,1,1,2180,cluster16,cluster11
0,2,1,8110,cluster11,cluster11
0.114999,1,1,2170,cluster16,cluster11
0.106284,1,1,2160,cluster11,cluster11
0.135001,5,0,4200,cluster11,cluster11
0,4,1,13200,cluster11,cluster11
0.163817,5,0,4160,cluster11,cluster11
0,4,1,13190,cluster11,cluster11
0.14115,5,0,4150,cluster11,cluster11
0,4,1,13180,cluster11,cluster11
0.137916,5,0,4140,cluster11,cluster11
0,4,1,13170,cluster11,cluster11
0,4,1,13160,cluster11,cluster11
0,4,1,13150,cluster11,cluster11
0,4,1,13140,cluster11,cluster11
0,4,1,13130,cluster11,cluster11
0,4,1,13120,cluster11,cluster11
0,4,1,13110,cluster11,cluster11
0,0,1,19200,cluster11,cluster11
0,0,1,19190,cluster11,cluster11
0,0,1,19180,cluster11,cluster11
0,0,1,19170,cluster11,cluster11
0.175299,6,0,4200,cluster11,cluster11
0.049483,1,1,3100,cluster11,cluster11
0,0,1,19160,cluster11,cluster11
0.174066,6,0,4190,cluster11,cluster11
0.0527,1,1,3090,cluster11,cluster11
0,0,1,19150,cluster11,cluster11
0.165867,6,0,4180,cluster11,cluster11
0.052766,1,1,3080,cluster11,cluster11
0,0,1,19140,cluster11,cluster11
0.7096,6,0,4170,cluster11,cluster11
0.058983,1,1,3070,cluster11,cluster11
0,0,1,19130,cluster11,cluster11
1.43443,6,0,4160,cluster11,cluster11
0.03895,1,1,3060,cluster11,cluster11
0,0,1,19120,cluster11,cluster11
0.984468,6,0,4150,cluster9,cluster11
0.031232,1,1,3050,cluster11,cluster11
0,0,1,19110,cluster11,cluster11
0.6536,6,0,4140,cluster11,cluster11
0.03035,1,1,3040,cluster11,cluster11
0.143215,6,0,4130,cluster11,cluster11
0.030583,1,1,3030,cluster11,cluster11
0.107916,6,0,4120,cluster11,cluster11
0.024466,1,1,3020,cluster11,cluster11
0.108634,6,0,4110,cluster11,cluster11
0.018484,1,1,3010,cluster11,cluster11
0.038167,5,1,21570,cluster11,cluster11
0.02669,5,1,21560,cluster11,cluster11
0,5,1,3200,cluster11,cluster11
0,5,1,3190,cluster11,cluster11
0,5,1,3180,cluster11,cluster11
0,5,1,3170,cluster11,cluster11
0,5,1,3160,cluster11,cluster11
0,5,1,3150,cluster11,cluster11
0,5,1,3140,cluster11,cluster11
0,5,1,3130,cluster11,cluster11
0,5,1,3120,cluster11,cluster11
0,5,1,3110,cluster11,cluster11
0,2,1,8100,cluster11,cluster11
0,2,1,8090,cluster11,cluster11
0.027251,0,0,21130,cluster11,cluster11
0,2,1,8080,cluster11,cluster11
0.027383,0,0,21120,cluster11,cluster11
0.039083,2,1,8070,cluster11,cluster11
0.027883,0,0,21110,cluster11,cluster11
0.11475,2,1,8060,cluster11,cluster11
0.022218,0,0,21100,cluster11,cluster11
0.115768,2,1,8050,cluster11,cluster11
0.110867,2,1,8040,cluster11,cluster11
0.177533,1,1,2100,cluster11,cluster11
0.111732,2,1,8030,cluster11,cluster11
0.177316,1,1,2090,cluster11,cluster11
0.117184,2,1,8020,cluster11,cluster11
0.101549,2,1,8010,cluster11,cluster11
0.101933,5,0,4090,cluster11,cluster11
0.122151,5,0,4080,cluster11,cluster11
0,4,1,13100,cluster11,cluster11
0,4,1,13090,cluster11,cluster11
0,4,1,13080,cluster11,cluster11
0,4,1,13070,cluster11,cluster11
0.103316,5,0,4030,cluster11,cluster11
0,4,1,13060,cluster11,cluster11
0.092933,5,0,4020,cluster11,cluster11
0,4,1,13050,cluster11,cluster11
0.002267,4,1,13040,cluster11,cluster11
0,4,1,13030,cluster11,cluster11
0,4,1,13020,cluster11,cluster11
0,4,1,13010,cluster11,cluster11
0,0,1,19100,cluster11,cluster11
0,0,1,19090,cluster11,cluster11
0,0,1,19080,cluster11,cluster11
0,0,1,19070,cluster11,cluster11
0.119534,6,0,4100,cluster11,cluster11
0.028285,1,1,3000,cluster11,cluster11
0,0,1,19060,cluster11,cluster11
0.152767,6,0,4090,cluster11,cluster11
0,0,1,19050,cluster11,cluster11
0.190733,6,0,4080,cluster11,cluster11
0,0,1,19040,cluster11,cluster11
0.1928,6,0,4070,cluster11,cluster11
0,0,1,19030,cluster11,cluster11
0.068533,6,0,4060,cluster11,cluster11
0,0,1,19020,cluster11,cluster11
0.065784,6,0,4050,cluster11,cluster11
0,0,1,19010,cluster11,cluster11
0.056283,6,0,4040,cluster11,cluster11
0.041083,6,0,4030,cluster11,cluster11
0.141049,6,0,4020,cluster11,cluster11
0.169666,6,0,4010,cluster11,cluster11
0,5,1,3100,cluster11,cluster11
0,5,1,3090,cluster11,cluster11
0,5,1,3080,cluster11,cluster11
0,5,1,3070,cluster11,cluster11
0,5,1,3060,cluster11,cluster11
0,5,1,3050,cluster11,cluster11
0.029516,0,0,21090,cluster11,cluster11
0,5,1,3040,cluster11,cluster11
0,0,0,21080,cluster11,cluster11
0,5,1,3030,cluster11,cluster11
0,0,0,21070,cluster11,cluster11
0,5,1,3020,cluster11,cluster11
0.007884,0,0,21060,cluster11,cluster11
0,5,1,3010,cluster11,cluster11
0.019583,0,0,21050,cluster11,cluster11
0.124551,2,1,8000,cluster11,cluster11
0.026783,0,0,21040,cluster11,cluster11
0.1164,2,1,7590,cluster11,cluster11
0.019516,0,0,21030,cluster11,cluster11
0.109066,2,1,7580,cluster11,cluster11
0.0205,0,0,21020,cluster11,cluster11
0.115617,2,1,7570,cluster11,cluster11
0.023168,0,0,21010,cluster11,cluster11
0.135665,2,1,7560,cluster11,cluster11
0.019716,0,0,21000,cluster11,cluster11
0.116566,2,1,7550,cluster11,cluster11
0.114817,2,1,7540,cluster11,cluster11
0.108799,2,1,7530,cluster11,cluster11
0.105667,2,1,7520,cluster11,cluster11
0.120284,2,1,7510,cluster11,cluster11
0.201016,5,0,3580,cluster18,cluster11
0.213416,5,0,3570,cluster18,cluster11
0.0002,4,1,13000,cluster11,cluster11
0.008934,4,1,12590,cluster11,cluster11
0.006866,4,1,12580,cluster11,cluster11
0,4,1,12570,cluster11,cluster11
0.013517,4,1,12560,cluster11,cluster11
0.24485,5,0,3520,cluster18,cluster11
0,4,1,12550,cluster11,cluster11
0.244182,5,0,3510,cluster18,cluster11
0,4,1,12540,cluster11,cluster11
0.005867,4,1,12530,cluster11,cluster11
0.006549,4,1,12520,cluster11,cluster11
0.004734,4,1,12510,cluster11,cluster11
0,0,1,19000,cluster11,cluster11
0,0,1,18590,cluster11,cluster11
0,0,1,18580,cluster11,cluster11
0,0,1,18570,cluster11,cluster11
0.165116,6,0,4000,cluster11,cluster11
0,0,1,18560,cluster11,cluster11
0.1395,6,0,3590,cluster11,cluster11
0,0,1,18550,cluster11,cluster11
0.1246,6,0,3580,cluster11,cluster11
0,0,1,18540,cluster11,cluster11
0.111817,6,0,3570,cluster11,cluster11
0,0,1,18530,cluster11,cluster11
0.12705,6,0,3560,cluster11,cluster11
0,0,1,18520,cluster11,cluster11
0.11305,6,0,3550,cluster11,cluster11
0,0,1,18510,cluster11,cluster11
0.115266,6,0,3540,cluster11,cluster11
0.107683,6,0,3530,cluster11,cluster11
0.115167,6,0,3520,cluster11,cluster11
0.131667,6,0,3510,cluster11,cluster11
0,6,0,21000,cluster11,cluster11
0,6,0,20590,cluster11,cluster11
0,6,0,20580,cluster11,cluster11
0,6,0,20570,cluster11,cluster11
0,6,0,20560,cluster11,cluster11
0,6,0,20550,cluster11,cluster11
0,6,0,20540,cluster11,cluster11
0,6,0,20530,cluster11,cluster11
0,6,0,18000,cluster11,cluster11
0,6,0,20520,cluster11,cluster11
0,6,0,17590,cluster11,cluster11
0,6,0,20510,cluster11,cluster11
0,6,0,17580,cluster11,cluster11
0,6,0,17570,cluster11,cluster11
0,5,1,3000,cluster11,cluster11
0,6,0,17560,cluster11,cluster11
0,5,1,2590,cluster11,cluster11
0,5,1,2580,cluster11,cluster11
0,5,1,2570,cluster11,cluster11
0,5,1,2560,cluster11,cluster11
0,5,1,2550,cluster11,cluster11
0.026383,0,0,20590,cluster11,cluster11
0,5,1,2540,cluster11,cluster11
0,0,0,20580,cluster11,cluster11
0,5,1,2530,cluster11,cluster11
0,0,0,20570,cluster11,cluster11
0,5,1,2520,cluster11,cluster11
0.022333,0,0,20560,cluster11,cluster11
0,5,1,2510,cluster11,cluster11
0.010766,0,0,20550,cluster11,cluster11
0.111751,2,1,7500,cluster11,cluster11
0.0136,0,0,20540,cluster11,cluster11
0.095584,2,1,7490,cluster11,cluster11
0.009967,0,0,20530,cluster11,cluster11
0.094617,2,1,7480,cluster11,cluster11
0.025684,0,0,20520,cluster11,cluster11
0.11415,2,1,7470,cluster11,cluster11
0.12215,2,1,7460,cluster11,cluster11
0.098632,2,1,7450,cluster11,cluster11
0.1277,2,1,7440,cluster11,cluster11
0.176484,2,1,7430,cluster11,cluster11
0.185317,2,1,7420,cluster11,cluster11
0.2017,2,1,7410,cluster11,cluster11
0.811232,1,1,1440,cluster11,cluster11
0.8667,1,1,1430,cluster11,cluster11
0.694833,1,1,1420,cluster11,cluster11
0,4,1,12500,cluster11,cluster11
0.081599,5,0,3460,cluster11,cluster11
0,4,1,12490,cluster11,cluster11
0.090834,5,0,3450,cluster11,cluster11
0,4,1,12480,cluster11,cluster11
0,4,1,12470,cluster11,cluster11
0,4,1,12460,cluster11,cluster11
0,4,1,12450,cluster11,cluster11
0.024633,4,1,12440,cluster11,cluster11
0.040949,4,1,12430,cluster11,cluster11
0.042216,4,1,12420,cluster11,cluster11
0.041417,4,1,12410,cluster11,cluster11
0,0,1,18500,cluster11,cluster11
0,0,1,18490,cluster11,cluster11
0,0,1,18480,cluster11,cluster11
0,0,1,18470,cluster11,cluster11
0.118234,6,0,3500,cluster11,cluster11
0,0,1,18460,cluster11,cluster11
0.13315,6,0,3490,cluster11,cluster11
0,0,1,18450,cluster11,cluster11
0.144351,6,0,3480,cluster11,cluster11
0,0,1,18440,cluster11,cluster11
0.080434,6,0,3470,cluster11,cluster11
0,0,1,18430,cluster11,cluster11
0.022549,6,0,3460,cluster11,cluster11
0,0,1,18420,cluster11,cluster11
0.012666,6,0,3450,cluster11,cluster11
0,0,1,18410,cluster11,cluster11
0.025283,6,0,3440,cluster11,cluster11
0,6,0,3430,cluster11,cluster11
0,6,0,3420,cluster11,cluster11
0.140032,6,0,3410,cluster11,cluster11
0,6,0,20500,cluster11,cluster11
0,6,0,20490,cluster11,cluster11
0,6,0,20480,cluster11,cluster11
0,6,0,20470,cluster11,cluster11
0,6,0,20460,cluster11,cluster11
0,6,0,20450,cluster11,cluster11
0,6,0,20440,cluster11,cluster11
0,6,0,20430,cluster11,cluster11
0,6,0,20420,cluster11,cluster11
0,6,0,20410,cluster11,cluster11
0,5,1,2500,cluster11,cluster11
0,5,1,2490,cluster11,cluster11
0,5,1,2480,cluster11,cluster11
0,5,1,2470,cluster11,cluster11
0,5,1,2460,cluster11,cluster11
0,5,1,2450,cluster11,cluster11
0.027499,0,0,20490,cluster11,cluster11
0,5,1,2440,cluster11,cluster11
0,5,1,2430,cluster11,cluster11
0,5,1,2420,cluster11,cluster11
0,5,1,2410,cluster11,cluster11
0.177283,2,1,7400,cluster11,cluster11
0.198934,2,1,7390,cluster11,cluster11
0,0,0,20430,cluster11,cluster11
0.206733,2,1,7380,cluster11,cluster11
0,0,0,20420,cluster11,cluster11
0.209883,2,1,7370,cluster11,cluster11
0,0,0,20410,cluster11,cluster11
0.170783,2,1,7360,cluster11,cluster11
0,0,0,20400,cluster11,cluster11
0.20065,2,1,7350,cluster11,cluster11
0.2215,2,1,7340,cluster11,cluster11
0.232049,2,1,7330,cluster11,cluster11
0.250432,2,1,7320,cluster11,cluster11
0.2498,2,1,7310,cluster11,cluster11
0.1927,1,1,1490,cluster11,cluster11
0.123417,1,1,1470,cluster16,cluster11
0.205617,1,1,1460,cluster11,cluster11
0.188817,1,1,1450,cluster11,cluster11
0.18255,1,1,1440,cluster11,cluster11
0.205217,1,1,1430,cluster11,cluster11
0.188001,1,1,1410,cluster11,cluster11
0.0382,4,1,12400,cluster11,cluster11
0,4,1,12390,cluster11,cluster11
0,4,1,12380,cluster11,cluster11
0,4,1,12370,cluster11,cluster11
0,4,1,12360,cluster11,cluster11
0,4,1,12350,cluster11,cluster11
0,4,1,12340,cluster11,cluster11
0,4,1,12330,cluster11,cluster11
0,4,1,12320,cluster11,cluster11
0,4,1,12310,cluster11,cluster11
0,0,1,18400,cluster11,cluster11
0,0,1,18390,cluster11,cluster11
0,0,1,18380,cluster11,cluster11
0,0,1,18370,cluster11,cluster11
0,0,1,18360,cluster11,cluster11
0,0,1,18350,cluster11,cluster11
0,0,1,18340,cluster11,cluster11
0,0,1,18330,cluster11,cluster11
0,0,1,18320,cluster11,cluster11
0,0,1,18310,cluster11,cluster11
0,6,0,20400,cluster11,cluster11
0,6,0,20390,cluster11,cluster11
0,6,0,20380,cluster11,cluster11
0,6,0,20370,cluster11,cluster11
0,6,0,20360,cluster11,cluster11
0.180799,6,0,8400,cluster11,cluster11
0,6,0,20350,cluster11,cluster11
0,6,0,20340,cluster11,cluster11
0.006467,6,0,20330,cluster11,cluster11
0,6,0,20320,cluster11,cluster11
0,6,0,20310,cluster11,cluster11
0,5,1,2400,cluster11,cluster11
0,5,1,2390,cluster11,cluster11
0,5,1,2380,cluster11,cluster11
0,5,1,2370,cluster11,cluster11
0,5,1,2360,cluster11,cluster11
0,5,1,2350,cluster11,cluster11
0,0,0,20390,cluster11,cluster11
0,5,1,2340,cluster11,cluster11
0,0,0,20380,cluster11,cluster11
0,5,1,2330,cluster11,cluster11
0.003403,0,0,20370,cluster11,cluster11
0,5,1,2320,cluster11,cluster11
0.016567,0,0,20360,cluster11,cluster11
0,5,1,2310,cluster11,cluster11
0,0,0,20350,cluster11,cluster11
0.249484,2,1,7300,cluster11,cluster11
0,0,0,20340,cluster11,cluster11
0.249016,2,1,7290,cluster11,cluster11
0,0,0,20330,cluster11,cluster11
0.248966,2,1,7280,cluster11,cluster11
0,0,0,20320,cluster11,cluster11
0.216484,2,1,7270,cluster11,cluster11
0,0,0,20310,cluster11,cluster11
0.065117,2,1,7260,cluster11,cluster11
0,0,0,20300,cluster11,cluster11
0.058534,2,1,7250,cluster11,cluster11
0.072449,2,1,7240,cluster11,cluster11
0.080934,2,1,7230,cluster11,cluster11
0.082999,2,1,7220,cluster11,cluster11
0.80335,1,1,1280,cluster11,cluster11
0.083916,2,1,7210,cluster11,cluster11
0.781567,1,1,1270,cluster11,cluster11
0.201667,1,1,1380,cluster11,cluster11
0.199149,1,1,1370,cluster11,cluster11
0.198699,1,1,1360,cluster11,cluster11
0.129817,1,1,1320,cluster16,cluster11
0.110633,1,1,1310,cluster16,cluster11
0.110767,1,1,1300,cluster16,cluster11
0,4,1,12300,cluster11,cluster11
0,4,1,12290,cluster11,cluster11
0,4,1,12280,cluster11,cluster11
0,4,1,12270,cluster11,cluster11
0,4,1,12260,cluster11,cluster11
0,4,1,12250,cluster11,cluster11
0,4,1,12240,cluster11,cluster11
0,4,1,12230,cluster11,cluster11
0,4,1,12220,cluster11,cluster11
0,4,1,12210,cluster11,cluster11
0,0,1,18300,cluster11,cluster11
0,0,1,18290,cluster11,cluster11
0,0,1,18280,cluster11,cluster11
0,0,1,18270,cluster11,cluster11
0,0,1,18260,cluster11,cluster11
0,0,1,18250,cluster11,cluster11
0,0,1,18240,cluster11,cluster11
0,0,1,18230,cluster11,cluster11
0,0,1,18220,cluster11,cluster11
0,0,1,18210,cluster11,cluster11
0,6,0,20300,cluster11,cluster11
0,6,0,20290,cluster11,cluster11
0,6,0,20280,cluster11,cluster11
0,6,0,20270,cluster11,cluster11
0,6,0,20260,cluster11,cluster11
0,6,0,20250,cluster11,cluster11
0,6,0,20240,cluster11,cluster11
0,6,0,20230,cluster11,cluster11
0,6,0,20220,cluster11,cluster11
0,6,0,20210,cluster11,cluster11
0,5,1,2300,cluster11,cluster11
0,5,1,2290,cluster11,cluster11
0,5,1,2280,cluster11,cluster11
0,5,1,2270,cluster11,cluster11
0,5,1,2260,cluster11,cluster11
0,5,1,2250,cluster11,cluster11
0,0,0,20290,cluster11,cluster11
0,5,1,2240,cluster11,cluster11
0,0,0,20280,cluster11,cluster11
0,5,1,2230,cluster11,cluster11
0,0,0,20270,cluster11,cluster11
0,5,1,2220,cluster11,cluster11
0,0,0,20260,cluster11,cluster11
0,5,1,2210,cluster11,cluster11
0,0,0,20250,cluster11,cluster11
0.0704,2,1,7200,cluster11,cluster11
0,0,0,20240,cluster11,cluster11
0.067601,2,1,7190,cluster11,cluster11
0,0,0,20230,cluster11,cluster11
0.076051,2,1,7180,cluster11,cluster11
0.069983,2,1,7170,cluster11,cluster11
0.076634,2,1,7160,cluster11,cluster11
0.029284,0,0,20200,cluster11,cluster11
0.0655,2,1,7150,cluster11,cluster11
0.075417,2,1,7140,cluster11,cluster11
0.0721,2,1,7130,cluster11,cluster11
0.074017,2,1,7120,cluster11,cluster11
0.058451,2,1,7110,cluster11,cluster11
0.102216,1,1,1290,cluster16,cluster11
0.118466,1,1,1280,cluster16,cluster11
0.179333,1,1,1250,cluster11,cluster11
0,4,1,12200,cluster11,cluster11
0,4,1,12190,cluster11,cluster11
0,4,1,12180,cluster11,cluster11
0,4,1,12170,cluster11,cluster11
0,4,1,12160,cluster11,cluster11
0,4,1,12150,cluster11,cluster11
0,4,1,12140,cluster11,cluster11
0,4,1,12130,cluster11,cluster11
0,4,1,12120,cluster11,cluster11
0,4,1,12110,cluster11,cluster11
0,6,0,20200,cluster11,cluster11
0,6,0,20190,cluster11,cluster11
0,6,0,20180,cluster11,cluster11
0,6,0,20170,cluster11,cluster11
0,6,0,20160,cluster11,cluster11
0,6,0,20150,cluster11,cluster11
0,6,0,20140,cluster11,cluster11
0,6,0,20130,cluster11,cluster11
0,6,0,20120,cluster11,cluster11
0,6,0,20110,cluster11,cluster11
0,6,0,17180,cluster11,cluster11
0,6,0,17170,cluster11,cluster11
0,5,1,2200,cluster11,cluster11
0,6,0,17160,cluster11,cluster11
0,5,1,2190,cluster11,cluster11
0.2281,6,0,8120,cluster11,cluster11
0,6,0,17150,cluster11,cluster11
0.036033,5,1,2180,cluster11,cluster11
0.234617,6,0,8110,cluster11,cluster11
0,6,0,17140,cluster11,cluster11
0.041033,5,1,2170,cluster11,cluster11
0,6,0,17130,cluster11,cluster11
0.054434,5,1,2160,cluster11,cluster11
0,6,0,17120,cluster11,cluster11
0.042483,5,1,2150,cluster11,cluster11
0,6,0,17110,cluster11,cluster11
0.098366,5,1,2140,cluster11,cluster11
0.142499,5,1,2130,cluster11,cluster11
0.171633,5,1,2120,cluster11,cluster11
0.1784,5,1,2110,cluster11,cluster11
0.057766,2,1,7100,cluster11,cluster11
0.064117,2,1,7090,cluster11,cluster11
0.0542,2,1,7080,cluster11,cluster11
0.060133,2,1,7070,cluster11,cluster11
0.074283,2,1,7060,cluster11,cluster11
0.108249,2,1,7050,cluster11,cluster11
0.11385,2,1,7040,cluster11,cluster11
0.120098,2,1,7030,cluster11,cluster11
0.11285,2,1,7020,cluster11,cluster11
0.101383,2,1,7010,cluster11,cluster11
0.029033,0,0,1190,cluster11,cluster11
0.026066,0,0,1180,cluster11,cluster11
0,0,0,1170,cluster11,cluster11
0,0,0,1160,cluster11,cluster11
0,0,0,1150,cluster11,cluster11
0.018717,0,0,1140,cluster11,cluster11
0.017717,0,0,1130,cluster11,cluster11
0.0121,0,0,1120,cluster11,cluster11
0.0079,0,0,1110,cluster11,cluster11
0.011483,0,0,1100,cluster11,cluster11
0,4,1,12100,cluster11,cluster11
0,4,1,12090,cluster11,cluster11
0,4,1,12080,cluster11,cluster11
0,4,1,12070,cluster11,cluster11
0,4,1,12060,cluster11,cluster11
0,4,1,12050,cluster11,cluster11
0,4,1,12040,cluster11,cluster11
0,4,1,12030,cluster11,cluster11
0,4,1,12020,cluster11,cluster11
0,4,1,12010,cluster11,cluster11
0.874513,2,1,6100,cluster11,cluster9
0,6,0,20100,cluster11,cluster11
0,6,0,20090,cluster11,cluster11
0,6,0,20080,cluster11,cluster11
0,6,0,20070,cluster11,cluster11
0,6,0,20060,cluster11,cluster11
0.225783,6,0,8100,cluster11,cluster11
0,6,0,20050,cluster11,cluster11
0.243566,6,0,8090,cluster11,cluster11
0,6,0,20040,cluster11,cluster11
0,6,0,20030,cluster11,cluster11
0,6,0,17100,cluster11,cluster11
0,6,0,20020,cluster11,cluster11
0,6,0,17900,cluster11,cluster11
0,6,0,20010,cluster11,cluster11
0,6,0,17800,cluster11,cluster11
0,6,0,17700,cluster11,cluster11
0.178167,5,1,2100,cluster11,cluster11
0,6,0,17600,cluster11,cluster11
0.125133,5,1,2090,cluster11,cluster11
0,6,0,17500,cluster11,cluster11
0.00275,5,1,2080,cluster11,cluster11
0,6,0,17400,cluster11,cluster11
0.010567,5,1,2070,cluster11,cluster11
0,6,0,17300,cluster11,cluster11
0.006783,5,1,2060,cluster11,cluster11
0,6,0,17200,cluster11,cluster11
0.008182,5,1,2050,cluster11,cluster11
0,6,0,17100,cluster11,cluster11
0,5,1,2040,cluster11,cluster11
0,5,1,2030,cluster11,cluster11
0.008916,5,1,2020,cluster11,cluster11
0.008733,5,1,2010,cluster11,cluster11
0.10395,2,1,7000,cluster11,cluster11
0.115949,2,1,6590,cluster11,cluster11
0.1269,2,1,6580,cluster11,cluster11
0.096734,2,1,6570,cluster11,cluster11
0.113916,2,1,6560,cluster11,cluster11
0.105233,2,1,6550,cluster11,cluster11
0.089551,2,1,6540,cluster11,cluster11
0.096034,2,1,6530,cluster11,cluster11
0.107,2,1,6520,cluster11,cluster11
0.100966,2,1,6510,cluster11,cluster11
0.009416,0,0,1090,cluster11,cluster11
0.015415,0,0,1080,cluster11,cluster11
0.027966,0,0,1070,cluster11,cluster11
0.016367,0,0,1060,cluster11,cluster11
0.020783,0,0,1050,cluster11,cluster11
0.009367,0,0,1040,cluster11,cluster11
0.032534,0,0,1030,cluster11,cluster11
0.041617,0,0,1020,cluster11,cluster11
0.040033,0,0,1010,cluster11,cluster11
0.039401,0,0,1000,cluster11,cluster11
0.661113,1,1,1010,cluster11,cluster11
0.994616,1,1,1000,cluster11,cluster11
0,6,0,20000,cluster11,cluster11
0,6,0,19590,cluster11,cluster11
0,6,0,19580,cluster11,cluster11
0,6,0,19570,cluster11,cluster11
0,6,0,17000,cluster11,cluster11
0.000984,5,1,2000,cluster11,cluster11
0.003967,5,1,1590,cluster11,cluster11
0.004966,5,1,1580,cluster11,cluster11
0.005134,5,1,1570,cluster11,cluster11
0,5,1,1560,cluster11,cluster11
0,5,1,1550,cluster11,cluster11
0.000366,5,1,1540,cluster11,cluster11
0,5,1,1530,cluster11,cluster11
0,5,1,1520,cluster11,cluster11
0,5,1,1510,cluster11,cluster11
0.1071,2,1,6500,cluster11,cluster11
0.100833,2,1,6490,cluster11,cluster11
0.116833,2,1,6480,cluster11,cluster11
0.123232,2,1,6470,cluster11,cluster11
0.113217,2,1,6460,cluster11,cluster11
0.101417,2,1,6450,cluster11,cluster11
0.113399,2,1,6440,cluster11,cluster11
0.105701,2,1,6430,cluster11,cluster11
0.099483,2,1,6420,cluster11,cluster11
0.1179,2,1,6410,cluster11,cluster11
0.031866,0,0,590,cluster11,cluster11
0.023083,0,0,580,cluster11,cluster11
0.0314,0,0,570,cluster11,cluster11
0.035234,0,0,560,cluster11,cluster11
0.027684,0,0,550,cluster11,cluster11
0.029667,0,0,540,cluster11,cluster11
0.079449,0,0,530,cluster11,cluster11
0.119649,0,0,520,cluster11,cluster11
0.101734,0,0,510,cluster11,cluster11
0.103116,0,0,500,cluster11,cluster11
0.186616,1,1,570,cluster11,cluster11
0.189917,1,1,560,cluster11,cluster11
0.202417,1,1,530,cluster11,cluster11
0.004533,5,1,1500,cluster11,cluster11
0.001566,5,1,1490,cluster11,cluster11
0.042018,5,1,1480,cluster11,cluster11
0.048899,5,1,1470,cluster11,cluster11
0.032133,5,1,1460,cluster11,cluster11
0.03475,5,1,1450,cluster11,cluster11
0.040233,5,1,1440,cluster11,cluster11
0.044467,5,1,1430,cluster11,cluster11
0.030666,5,1,1420,cluster11,cluster11
0.122017,5,1,1410,cluster11,cluster11
0,0,0,490,cluster11,cluster11
0,0,0,480,cluster11,cluster11
0,0,0,470,cluster11,cluster11
0,0,0,460,cluster11,cluster11
0,0,0,450,cluster11,cluster11
0.123767,0,0,440,cluster11,cluster11
0.203165,0,0,430,cluster11,cluster11
0.1056,0,0,420,cluster11,cluster11
0.004567,0,0,410,cluster11,cluster11
0.028901,0,0,400,cluster11,cluster11
0.830586,1,1,460,cluster11,cluster15
0.856036,1,1,450,cluster11,cluster15
0.810867,1,1,440,cluster11,cluster15
0.830016,1,1,430,cluster11,cluster15
0.83932,1,1,420,cluster11,cluster15
0.842781,1,1,410,cluster11,cluster15
0.984238,1,1,400,cluster11,cluster15
0.246599,6,0,7380,cluster11,cluster11
0.240651,6,0,7360,cluster11,cluster11
0.022916,0,0,390,cluster11,cluster11
0.038501,0,0,380,cluster11,cluster11
0.010833,0,0,370,cluster11,cluster11
0.054632,0,0,360,cluster11,cluster11
0.0268,0,0,350,cluster11,cluster11
0.051551,0,0,340,cluster11,cluster11
0.006234,0,0,330,cluster11,cluster11
0.028583,0,0,320,cluster11,cluster11
0.018817,0,0,310,cluster11,cluster11
0.013249,0,0,300,cluster11,cluster11
0.133916,6,0,7270,cluster11,cluster11
0.147633,6,0,7260,cluster11,cluster11
0.130316,6,0,7250,cluster11,cluster11
0.1355,6,0,7240,cluster11,cluster11
0.120417,6,0,7230,cluster11,cluster11
0.127418,6,0,7220,cluster11,cluster11
0.144233,6,0,7210,cluster11,cluster11
0,0,0,290,cluster11,cluster11
0.102886,0,0,280,cluster11,cluster11
0.376817,0,0,260,cluster7,cluster11
0.105368,0,0,250,cluster11,cluster11
0.111484,0,0,240,cluster11,cluster11
0.111367,0,0,230,cluster11,cluster11
0.113584,0,0,220,cluster11,cluster11
0.141917,0,0,210,cluster11,cluster11
0.104699,0,0,200,cluster11,cluster11
0.136883,6,0,7200,cluster11,cluster11
0.138665,6,0,7190,cluster11,cluster11
0.126949,6,0,7180,cluster11,cluster11
0.137034,6,0,7170,cluster11,cluster11
0.125917,6,0,7160,cluster11,cluster11
0.145751,6,0,7150,cluster11,cluster11
0.144,6,0,7140,cluster11,cluster11
0.139917,6,0,7130,cluster11,cluster11
0.145716,6,0,7120,cluster11,cluster11
0.138849,6,0,7110,cluster11,cluster11
0.112751,0,0,190,cluster11,cluster11
0.110567,0,0,180,cluster11,cluster11
0.108683,0,0,170,cluster11,cluster11
0.10995,0,0,160,cluster7,cluster11
0.105617,0,0,150,cluster7,cluster11
0.25065,0,0,140,cluster7,cluster11
0.23695,0,0,130,cluster7,cluster11
0.064384,0,0,120,cluster7,cluster11
0.0985,0,0,110,cluster7,cluster11
0.099,0,0,100,cluster7,cluster11
0.403887,6,0,12160,cluster11,cluster15
0.608934,6,0,12140,cluster11,cluster15
0.49763,6,0,12130,cluster11,cluster15
0.578903,6,0,12120,cluster11,cluster15
0.1428,6,0,7100,cluster11,cluster11
0.38305,6,0,7090,cluster11,cluster11
0.6396,6,0,7080,cluster11,cluster11
0.67015,6,0,7070,cluster11,cluster11
0.762349,6,0,7060,cluster11,cluster11
0.783167,6,0,7050,cluster11,cluster11
0.768384,6,0,7040,cluster11,cluster11
0.774617,6,0,7030,cluster11,cluster11
0.773583,6,0,7020,cluster11,cluster11
0.768233,6,0,7010,cluster11,cluster11
0.159974,5,1,4210,cluster11,cluster11
0.197854,5,1,4200,cluster11,cluster11
0.246074,5,1,4190,cluster11,cluster11
0.252057,5,1,4180,cluster11,cluster11
0.24185,5,1,4170,cluster11,cluster11
0.24105,5,1,4160,cluster11,cluster11
0.240491,5,1,4150,cluster11,cluster11
0.245891,5,1,4140,cluster11,cluster11
0.255699,5,1,4130,cluster11,cluster11
0.253657,5,1,4120,cluster11,cluster11
0.138101,0,0,90,cluster7,cluster11
0.373666,0,0,80,cluster7,cluster11
0.479717,0,0,70,cluster15,cluster11
0.599016,0,0,60,cluster15,cluster11
0.607183,0,0,50,cluster15,cluster11
0.535834,0,0,40,cluster15,cluster11
0.453667,0,0,30,cluster15,cluster11
0.746969,0,0,20,cluster15,cluster11
0.576199,0,0,10,cluster15,cluster11
0.33925,0,0,0,cluster7,cluster11
0.663346,6,0,12080,cluster11,cluster15
0.22979,5,1,4110,cluster11,cluster11
0.245917,5,1,4100,cluster11,cluster11
0.394401,5,1,4090,cluster11,cluster11
0.306323,5,1,4080,cluster11,cluster11
0.245769,5,1,4070,cluster11,cluster11
0.308932,5,1,4060,cluster11,cluster11
0.155299,5,1,4050,cluster11,cluster11
0.377288,5,1,4040,cluster11,cluster11
0.404306,5,1,4030,cluster11,cluster9
0.484207,5,1,4020,cluster11,cluster9
0.542064,0,0,23590,cluster15,cluster11
0.635373,5,1,4010,cluster11,cluster11
0.48722,5,1,4000,cluster11,cluster3
0.511399,5,1,3590,cluster11,cluster3
0.5231,5,1,3580,cluster11,cluster3
0.486234,5,1,3570,cluster11,cluster3
0.498221,5,1,3560,cluster11,cluster3
0.478357,5,1,3550,cluster11,cluster3
0.459224,5,1,3540,cluster11,cluster3
0.39697,5,1,3530,cluster11,cluster3
0.512407,5,1,3520,cluster11,cluster3
0.540237,5,1,3510,cluster11,cluster3
0.556614,5,1,3500,cluster11,cluster3
0.550666,5,1,3490,cluster11,cluster3
0.482874,5,1,3480,cluster11,cluster3
0,5,1,3470,cluster11,cluster3
0.157892,5,1,3460,cluster11,cluster3
0.393237,5,1,3450,cluster11,cluster3
0.324936,5,1,3440,cluster11,cluster3
0.26719,5,1,3430,cluster11,cluster3
0.410878,5,1,3420,cluster11,cluster3
0,0,1,1000,cluster3,cluster11
0,0,1,590,cluster3,cluster11
0,0,1,580,cluster3,cluster11
0,0,1,570,cluster3,cluster11
0,0,1,560,cluster3,cluster11
0,0,1,550,cluster3,cluster11
0,0,1,540,cluster3,cluster11
0,0,1,530,cluster3,cluster11
0,0,1,520,cluster3,cluster11
0,0,1,510,cluster3,cluster11
0.431776,5,1,3410,cluster11,cluster3
0.532584,5,1,3400,cluster11,cluster3
0.433036,5,1,3390,cluster11,cluster3
0.390621,5,1,3380,cluster11,cluster3
0.401784,5,1,3370,cluster11,cluster3
0.374443,5,1,3360,cluster11,cluster3
0.376036,5,1,3350,cluster11,cluster3
0.369473,5,1,3340,cluster11,cluster3
0.379503,5,1,3330,cluster11,cluster3
0.383383,5,1,3320,cluster11,cluster3
2.04793,4,1,4420,cluster11,cluster4
2.06612,4,1,4410,cluster11,cluster4
0,0,1,500,cluster3,cluster11
0,0,1,490,cluster3,cluster11
0,0,1,480,cluster3,cluster11
0,0,1,470,cluster3,cluster11
0,0,1,460,cluster3,cluster11
0,0,1,450,cluster3,cluster11
0,0,1,440,cluster3,cluster11
0,0,1,430,cluster3,cluster11
0,0,1,420,cluster3,cluster11
0,0,1,410,cluster3,cluster11
0.361757,5,1,3310,cluster11,cluster3
0.37679,5,1,3300,cluster11,cluster3
0.349357,5,1,3290,cluster11,cluster3
0.33041,5,1,3280,cluster11,cluster3
0.296576,5,1,3270,cluster11,cluster3
0.950934,5,1,3250,cluster11,cluster3
0.491136,5,1,3240,cluster11,cluster3
0.497391,5,1,3230,cluster11,cluster3
0.49094,5,1,3220,cluster11,cluster3
2.05538,4,1,4390,cluster11,cluster4
2.00517,4,1,4380,cluster11,cluster4
1.85638,4,1,4370,cluster11,cluster4
2.06205,4,1,4330,cluster11,cluster4
2.06212,4,1,4320,cluster11,cluster4
2.06732,4,1,4310,cluster11,cluster4
0,5,1,18400,cluster11,cluster11
0,5,1,18390,cluster11,cluster11
0,5,1,18380,cluster11,cluster11
0,5,1,18370,cluster11,cluster11
0,5,1,18360,cluster11,cluster11
0,5,1,18350,cluster11,cluster11
0,5,1,18340,cluster11,cluster11
0,5,1,18330,cluster11,cluster11
0,5,1,18320,cluster11,cluster11
0.19954,4,1,3210,cluster11,cluster11
0,5,1,18310,cluster11,cluster11
0.280356,4,1,3200,cluster11,cluster11
0.343573,4,1,3190,cluster11,cluster11
0.027283,0,1,400,cluster3,cluster11
0.248004,4,1,3180,cluster11,cluster11
0.019651,0,1,390,cluster3,cluster11
0.274983,4,1,3170,cluster11,cluster11
0.026101,0,1,380,cluster3,cluster11
0.262569,4,1,3160,cluster11,cluster11
0.028816,0,1,370,cluster3,cluster11
0.262623,4,1,3150,cluster11,cluster11
0.018267,0,1,360,cluster3,cluster11
0,4,1,3140,cluster11,cluster11
0.019216,0,1,350,cluster3,cluster11
0,4,1,3130,cluster11,cluster11
0.017768,0,1,340,cluster3,cluster11
0.096466,4,1,3120,cluster11,cluster11
0.017484,0,1,330,cluster3,cluster11
0.017817,0,1,320,cluster3,cluster11
0.017633,0,1,310,cluster3,cluster11
0.62509,5,1,3210,cluster11,cluster3
0.629534,5,1,3200,cluster11,cluster3
0.50949,5,1,3190,cluster11,cluster3
0.48379,5,1,3180,cluster11,cluster3
0.532439,5,1,3170,cluster11,cluster3
0.518057,5,1,3160,cluster11,cluster3
0.503523,5,1,3150,cluster11,cluster3
0.493556,5,1,3140,cluster11,cluster3
0.517386,5,1,3130,cluster11,cluster3
0.52267,5,1,3120,cluster11,cluster3
2.06968,4,1,4300,cluster11,cluster4
2.0525,4,1,4290,cluster11,cluster4
2.03455,4,1,4280,cluster11,cluster4
0,5,1,18300,cluster11,cluster11
0,5,1,18290,cluster11,cluster11
0,5,1,18280,cluster11,cluster11
0,5,1,18270,cluster11,cluster11
0,5,1,18260,cluster11,cluster11
0,5,1,18250,cluster11,cluster11
0,5,1,18240,cluster11,cluster11
0,5,1,18230,cluster11,cluster11
0,5,1,18220,cluster11,cluster11
0.121714,4,1,3110,cluster11,cluster11
0,5,1,18210,cluster11,cluster11
0.089357,4,1,3100,cluster11,cluster11
0.081987,4,1,3090,cluster11,cluster11
0.016132,0,1,300,cluster3,cluster11
0.127691,4,1,3080,cluster11,cluster11
0.020417,0,1,290,cluster3,cluster11
0.089067,4,1,3070,cluster11,cluster11
0.094783,0,1,280,cluster3,cluster11
0.102286,4,1,3060,cluster11,cluster11
0.100084,0,1,270,cluster3,cluster11
0.13395,4,1,3050,cluster11,cluster11
0.097333,0,1,260,cluster11,cluster11
0.102667,4,1,3040,cluster11,cluster11
0.092066,0,1,250,cluster11,cluster11
0.102523,4,1,3030,cluster11,cluster11
0.095149,0,1,240,cluster11,cluster11
0.13022,4,1,3020,cluster11,cluster11
0.095634,0,1,230,cluster11,cluster11
0.094099,0,1,220,cluster11,cluster11
0.093133,0,1,210,cluster11,cluster11
0.495174,5,1,3110,cluster11,cluster3
0.435183,5,1,3100,cluster11,cluster3
0.040804,0,0,16570,cluster11,cluster11
0.207673,5,1,3090,cluster11,cluster3
0.197317,5,1,3080,cluster11,cluster11
0.200137,5,1,3070,cluster11,cluster11
0.213483,5,1,3060,cluster11,cluster11
0.170883,5,1,3050,cluster11,cluster11
0.211856,5,1,3040,cluster11,cluster11
0.193339,5,1,3030,cluster11,cluster11
0.21025,5,1,3020,cluster11,cluster11
0.888,4,1,4180,cluster11,cluster4
0.736633,4,1,4130,cluster11,cluster4
0.090137,4,1,3010,cluster11,cluster11
0.115287,4,1,3000,cluster11,cluster11
0.087916,4,1,2590,cluster11,cluster11
0.097617,0,1,200,cluster11,cluster11
0.095093,4,1,2580,cluster11,cluster11
0.095784,0,1,190,cluster11,cluster11
0.105067,4,1,2570,cluster11,cluster11
0.095433,0,1,180,cluster11,cluster11
0.101152,4,1,2560,cluster11,cluster11
0.0985,0,1,170,cluster11,cluster11
0.088734,4,1,2550,cluster11,cluster11
0.094433,0,1,160,cluster7,cluster11
0.062707,4,1,2540,cluster11,cluster11
0.102466,0,1,150,cluster7,cluster11
0.499641,4,1,2530,cluster11,cluster11
0.104201,0,1,140,cluster7,cluster11
0.971154,4,1,2520,cluster18,cluster11
0.1048,0,1,130,cluster7,cluster11
0.106884,0,1,120,cluster7,cluster11
0.108867,0,1,110,cluster7,cluster11
0.213336,5,1,3010,cluster11,cluster11
1.54434,0,0,16480,cluster17,cluster11
0.193823,5,1,3000,cluster11,cluster11
0.196221,5,1,2590,cluster11,cluster11
0.206404,5,1,2580,cluster11,cluster11
0.19185,5,1,2570,cluster11,cluster11
0.297571,5,1,2560,cluster11,cluster11
0,5,1,2550,cluster11,cluster11
0,5,1,2540,cluster11,cluster11
0.151233,5,1,2530,cluster11,cluster11
0.045383,5,1,2520,cluster11,cluster11
1.11253,5,1,8190,cluster18,cluster11
0.139433,5,1,8180,cluster11,cluster11
0,5,1,8170,cluster11,cluster11
0,5,1,8160,cluster11,cluster11
0,5,1,8150,cluster11,cluster11
0,5,1,8140,cluster11,cluster11
0,5,1,8130,cluster11,cluster11
0,5,1,8120,cluster11,cluster11
0,5,1,8110,cluster11,cluster11
0.808099,4,1,4100,cluster11,cluster4
0.799849,4,1,4080,cluster11,cluster4
0.730767,4,1,4050,cluster11,cluster4
0.198807,4,1,2510,cluster11,cluster11
0.119906,4,1,2500,cluster11,cluster11
0.158099,4,1,2490,cluster11,cluster11
0.102817,0,1,100,cluster7,cluster11
0.206171,4,1,2480,cluster11,cluster11
0.109818,0,1,90,cluster7,cluster11
0.199953,4,1,2470,cluster11,cluster11
0.109817,0,1,80,cluster7,cluster11
0.19512,4,1,2460,cluster18,cluster11
0.098366,0,1,70,cluster7,cluster11
0.209019,4,1,2450,cluster11,cluster11
0.100151,0,1,60,cluster7,cluster11
0.1873,4,1,2440,cluster11,cluster11
0.133683,0,1,50,cluster7,cluster11
0.23495,4,1,2430,cluster11,cluster11
0.173667,0,1,40,cluster7,cluster11
0.191069,4,1,2420,cluster11,cluster11
0.171933,0,1,30,cluster7,cluster11
0.184133,0,1,20,cluster7,cluster11
0.172333,0,1,10,cluster7,cluster11
0.097737,5,1,2510,cluster11,cluster11
0.187003,5,1,2500,cluster11,cluster11
0.203473,5,1,2490,cluster11,cluster11
0.19393,5,1,2480,cluster11,cluster11
0.19377,5,1,2470,cluster11,cluster11
0,5,1,2460,cluster11,cluster11
0.103683,0,0,16330,cluster11,cluster11
0,5,1,2450,cluster11,cluster11
0.094291,0,0,16320,cluster11,cluster11
0.039063,5,1,2440,cluster11,cluster11
0.022939,5,1,2430,cluster11,cluster11
0.042707,5,1,2420,cluster11,cluster11
0,5,1,8100,cluster11,cluster11
0,5,1,8090,cluster11,cluster11
0,5,1,8080,cluster11,cluster11
0,5,1,8070,cluster11,cluster11
0,5,1,8060,cluster11,cluster11
0,5,1,8050,cluster11,cluster11
0,5,1,8040,cluster11,cluster11
0,5,1,8030,cluster11,cluster11
0,5,1,8020,cluster11,cluster11
0,5,1,8010,cluster11,cluster11
0,3,1,3000,cluster11,cluster11
0.198807,4,1,2410,cluster11,cluster11
0.208823,4,1,2400,cluster11,cluster11
0.193188,4,1,2390,cluster11,cluster11
0.001033,0,1,0,cluster7,cluster11
0.195337,4,1,2380,cluster18,cluster11
0.0092,0,1,23590,cluster11,cluster11
0.181989,4,1,2370,cluster11,cluster11
0.0097,0,1,23580,cluster11,cluster11
0.019556,4,1,2360,cluster11,cluster11
0.010333,0,1,23570,cluster11,cluster11
0.0658,4,1,2350,cluster11,cluster11
0.008467,0,1,23560,cluster11,cluster11
0.119404,4,1,2340,cluster11,cluster11
0,0,1,23550,cluster11,cluster11
0.12382,4,1,2330,cluster11,cluster11
0,0,1,23540,cluster11,cluster11
0.115936,4,1,2320,cluster11,cluster11
0,0,1,23530,cluster11,cluster11
0,0,1,23520,cluster11,cluster11
0,0,1,23510,cluster11,cluster11
0,6,0,2000,cluster11,cluster11
0,6,0,1590,cluster11,cluster11
0,6,0,1580,cluster11,cluster11
0,6,0,1570,cluster11,cluster11
0.032349,6,0,1560,cluster11,cluster11
0.036266,6,0,1550,cluster11,cluster11
0.030766,6,0,1540,cluster11,cluster11
0.025383,6,0,1530,cluster11,cluster11
0.093951,6,0,23000,cluster11,cluster11
0.023,6,0,1520,cluster11,cluster11
0.099367,6,0,22590,cluster11,cluster11
0.0295,6,0,1510,cluster11,cluster11
0.091317,6,0,22580,cluster11,cluster11
0.092283,6,0,22570,cluster11,cluster11
0,5,1,8000,cluster11,cluster11
0.094551,6,0,22560,cluster11,cluster11
0,5,1,7590,cluster11,cluster11
0.092567,6,0,22550,cluster11,cluster11
0,5,1,7580,cluster11,cluster11
0.093383,6,0,22540,cluster11,cluster11
0,5,1,7570,cluster11,cluster11
0.091583,6,0,22530,cluster11,cluster11
0,5,1,7560,cluster11,cluster11
0.09205,6,0,22520,cluster11,cluster11
0.039285,5,1,7550,cluster11,cluster11
0.091017,6,0,22510,cluster11,cluster11
0.050866,5,1,7540,cluster11,cluster11
0.062884,5,1,7530,cluster11,cluster11
0.054351,5,1,7520,cluster11,cluster11
0.050634,5,1,7510,cluster11,cluster11
0.119132,2,1,12500,cluster11,cluster11
0.023799,2,1,12490,cluster11,cluster11
0.044951,2,1,12480,cluster11,cluster11
0.029767,2,1,12470,cluster11,cluster11
0,2,1,12460,cluster11,cluster11
0,2,1,12450,cluster11,cluster11
0,2,1,12440,cluster11,cluster11
0,2,1,12430,cluster11,cluster11
0,2,1,12420,cluster11,cluster11
0,2,1,12410,cluster11,cluster11
0.10009,4,1,2310,cluster11,cluster11
0.126404,4,1,2300,cluster11,cluster11
0.132884,4,1,2290,cluster11,cluster11
0,0,1,23500,cluster11,cluster11
0.11289,4,1,2280,cluster11,cluster11
0,0,1,23490,cluster11,cluster11
0.1186,4,1,2270,cluster11,cluster11
0,0,1,23480,cluster11,cluster11
0.128823,4,1,2260,cluster11,cluster11
0,0,1,23470,cluster11,cluster11
0.126483,4,1,2250,cluster11,cluster11
0,0,1,23460,cluster11,cluster11
0.13795,4,1,2240,cluster11,cluster11
0,0,1,23450,cluster11,cluster11
0.10755,4,1,2230,cluster11,cluster11
0,0,1,23440,cluster11,cluster11
0.141424,4,1,2220,cluster11,cluster11
0,0,1,23430,cluster11,cluster11
0,0,1,23420,cluster11,cluster11
0,0,1,23410,cluster11,cluster11
0.020167,6,0,1500,cluster11,cluster11
0.021366,6,0,1490,cluster11,cluster11
0.012634,6,0,1480,cluster11,cluster11
0.01795,6,0,1470,cluster11,cluster11
0.021366,6,0,1460,cluster11,cluster11
0.0187,6,0,1450,cluster11,cluster11
0.028849,6,0,1440,cluster11,cluster11
0.026884,6,0,1430,cluster11,cluster11
0.092233,6,0,22500,cluster11,cluster11
0.0722,6,0,1420,cluster11,cluster11
0.089099,6,0,22490,cluster11,cluster11
0.107949,6,0,1410,cluster11,cluster11
0.0945,6,0,22480,cluster11,cluster11
0.090683,6,0,22470,cluster11,cluster11
0.048199,5,1,7500,cluster11,cluster11
0.0894,6,0,22460,cluster11,cluster11
0.039751,5,1,7490,cluster11,cluster11
0.090399,6,0,22450,cluster11,cluster11
0.047316,5,1,7480,cluster11,cluster11
0.096466,6,0,22440,cluster11,cluster11
0.052033,5,1,7470,cluster11,cluster11
0.09415,6,0,22430,cluster11,cluster11
0.063517,5,1,7460,cluster11,cluster11
0.090516,6,0,22420,cluster11,cluster11
0.046366,5,1,7450,cluster11,cluster11
0.095716,6,0,22410,cluster11,cluster11
0.067134,5,1,7440,cluster11,cluster11
0.055783,5,1,7430,cluster11,cluster11
0.063617,5,1,7420,cluster11,cluster11
0.109833,5,1,7410,cluster11,cluster11
0.897567,3,1,3380,cluster11,cluster18
0.025217,2,1,12400,cluster11,cluster11
0.0242,2,1,12390,cluster11,cluster11
0.734218,3,1,3350,cluster11,cluster18
0.023734,2,1,12380,cluster11,cluster11
0.997751,3,1,3340,cluster11,cluster18
0.024834,2,1,12370,cluster11,cluster11
0.847783,3,1,3330,cluster11,cluster18
0.024366,2,1,12360,cluster11,cluster11
0.007867,2,1,12350,cluster11,cluster11
0,2,1,12340,cluster11,cluster11
0,2,1,12330,cluster11,cluster11
0,2,1,12320,cluster11,cluster11
0,2,1,12310,cluster11,cluster11
0.887749,4,1,3400,cluster11,cluster4
0,4,1,20400,cluster11,cluster11
0,4,1,20390,cluster11,cluster11
0,4,1,20380,cluster11,cluster11
0,4,1,20370,cluster11,cluster11
0,4,1,20360,cluster11,cluster11
0,4,1,20350,cluster11,cluster11
0,4,1,20340,cluster11,cluster11
0,4,1,20330,cluster11,cluster11
0,4,1,20320,cluster11,cluster11
0,4,1,20310,cluster11,cluster11
0.10267,4,1,2210,cluster11,cluster11
0.183334,4,1,2200,cluster11,cluster11
0.19579,4,1,2190,cluster11,cluster11
0,0,1,23400,cluster11,cluster11
0.179724,4,1,2180,cluster11,cluster11
0.03215,0,1,23390,cluster11,cluster11
0.294053,4,1,2170,cluster11,cluster11
0.025234,0,1,23380,cluster11,cluster11
0.36812,4,1,2160,cluster11,cluster11
0.024367,0,1,23370,cluster11,cluster11
0.251617,4,1,2150,cluster11,cluster11
0.0239,0,1,23360,cluster3,cluster11
0.252204,4,1,2140,cluster11,cluster11
0.023066,0,1,23350,cluster3,cluster11
0.0229,4,1,2130,cluster11,cluster11
0.01805,0,1,23340,cluster11,cluster11
0,4,1,2120,cluster11,cluster11
0.015766,0,1,23330,cluster11,cluster11
0.017734,0,1,23320,cluster11,cluster11
0.01715,0,1,23310,cluster11,cluster11
0.115634,6,0,1400,cluster11,cluster11
0.1317,6,0,1390,cluster11,cluster11
0.120733,6,0,1380,cluster11,cluster11
0,0,0,16040,cluster11,cluster15
0.11885,6,0,1370,cluster11,cluster11
0.11235,6,0,1360,cluster11,cluster11
0.1081,6,0,1350,cluster11,cluster11
0.105934,6,0,1340,cluster11,cluster11
0.107217,6,0,1330,cluster11,cluster11
0.093883,6,0,22400,cluster11,cluster11
0.122717,6,0,1320,cluster11,cluster11
0.09285,6,0,22390,cluster11,cluster11
0.1142,6,0,1310,cluster11,cluster11
0.094717,6,0,22380,cluster11,cluster11
0.097767,6,0,22370,cluster11,cluster11
0.122667,5,1,7400,cluster11,cluster11
0.097434,6,0,22360,cluster11,cluster11
0.128966,5,1,7390,cluster11,cluster11
0.096001,6,0,22350,cluster11,cluster11
0.130934,5,1,7380,cluster11,cluster11
0.088383,6,0,22340,cluster11,cluster11
0.1146,5,1,7370,cluster11,cluster11
0.1043,6,0,22330,cluster11,cluster11
0.117783,5,1,7360,cluster11,cluster11
0.10985,6,0,22320,cluster11,cluster11
0.150401,5,1,7350,cluster11,cluster11
0.124501,6,0,22310,cluster11,cluster11
0.131416,5,1,7340,cluster11,cluster11
0.146333,5,1,7330,cluster11,cluster11
1.13798,3,1,3300,cluster12,cluster11
0.127401,5,1,7320,cluster11,cluster11
0.147117,5,1,7310,cluster11,cluster11
0,2,1,12300,cluster11,cluster11
0,2,1,12290,cluster11,cluster11
0.887183,3,1,3250,cluster11,cluster18
0,2,1,12280,cluster11,cluster11
0.846283,3,1,3240,cluster11,cluster18
0,2,1,12270,cluster11,cluster11
0.8533,3,1,3230,cluster11,cluster18
0,2,1,12260,cluster11,cluster11
0.934501,3,1,3220,cluster11,cluster18
0,2,1,12250,cluster11,cluster11
0.957001,3,1,3210,cluster11,cluster18
0,2,1,12240,cluster11,cluster11
0,2,1,12230,cluster11,cluster11
0,2,1,12220,cluster11,cluster11
0,2,1,12210,cluster11,cluster11
0,4,1,20300,cluster11,cluster11
0,4,1,20290,cluster11,cluster11
0,4,1,20280,cluster11,cluster11
0,4,1,20270,cluster11,cluster11
0,4,1,20260,cluster11,cluster11
0,4,1,20250,cluster11,cluster11
0,4,1,20240,cluster11,cluster11
0,4,1,20230,cluster11,cluster11
0,4,1,20220,cluster11,cluster11
0,4,1,20210,cluster11,cluster11
0.000226,4,1,2110,cluster11,cluster11
0.08709,4,1,2100,cluster11,cluster11
0.082807,4,1,2090,cluster11,cluster11
0.017767,0,1,23300,cluster11,cluster11
0.096587,4,1,2080,cluster11,cluster11
0.0178,0,1,23290,cluster11,cluster11
0.068283,4,1,2070,cluster11,cluster11
0.019216,0,1,23280,cluster11,cluster11
0,2,1,11410,cluster11,cluster11
0.096573,4,1,2060,cluster11,cluster11
0.0185,0,1,23270,cluster11,cluster11
0,2,1,11400,cluster11,cluster11
0.066874,4,1,2050,cluster11,cluster11
0.017534,0,1,23260,cluster11,cluster11
0,2,1,11390,cluster11,cluster11
0.200793,4,1,2040,cluster11,cluster11
0.017151,0,1,23250,cluster11,cluster11
0,2,1,11380,cluster11,cluster11
0.281301,4,1,2030,cluster11,cluster11
0.02025,0,1,23240,cluster11,cluster11
0,2,1,11370,cluster11,cluster11
0.267564,4,1,2020,cluster11,cluster11
0.019183,0,1,23230,cluster11,cluster11
0,2,1,11360,cluster11,cluster11
0.016067,0,1,23220,cluster11,cluster11
0,2,1,11350,cluster11,cluster11
0.013267,0,1,23210,cluster11,cluster11
0,2,1,11340,cluster11,cluster11
0,2,1,11330,cluster11,cluster11
0,2,1,11320,cluster11,cluster11
0.10765,6,0,1300,cluster11,cluster11
0.118501,6,0,1290,cluster11,cluster11
0.129134,6,0,1280,cluster11,cluster11
0.121317,6,0,1270,cluster11,cluster11
0.136916,6,0,1260,cluster11,cluster11
0.123449,6,0,1250,cluster11,cluster11
0.124132,6,0,1240,cluster11,cluster11
0.1209,6,0,1230,cluster11,cluster11
0.139934,6,0,22300,cluster11,cluster11
0.1362,6,0,1220,cluster11,cluster11
0.184832,6,0,22290,cluster3,cluster11
0.138883,6,0,1210,cluster11,cluster11
0.184651,6,0,22280,cluster3,cluster11
0.144532,6,0,22270,cluster3,cluster11
0.126449,5,1,7300,cluster11,cluster11
0.082683,6,0,22260,cluster11,cluster11
0.128516,5,1,7290,cluster11,cluster11
0,6,0,22250,cluster11,cluster11
0.139749,5,1,7280,cluster11,cluster11
0,6,0,22240,cluster11,cluster11
0.117199,5,1,7270,cluster11,cluster11
0,6,0,22230,cluster11,cluster11
0.1325,5,1,7260,cluster11,cluster11
0,6,0,22220,cluster11,cluster11
0.135967,5,1,7250,cluster11,cluster11
0,6,0,22210,cluster11,cluster11
0.110834,5,1,7240,cluster11,cluster11
0.141818,5,1,7230,cluster11,cluster11
1.02218,3,1,3200,cluster11,cluster18
0.1811,5,1,7220,cluster11,cluster11
1.08923,3,1,3190,cluster11,cluster18
0.180833,5,1,7210,cluster11,cluster11
0,2,1,12200,cluster11,cluster11
1.07588,3,1,3160,cluster11,cluster18
0,2,1,12190,cluster11,cluster11
1.0644,3,1,3150,cluster11,cluster18
0,2,1,12180,cluster11,cluster11
1.08443,3,1,3140,cluster11,cluster18
0,2,1,12170,cluster11,cluster11
1.06205,3,1,3130,cluster11,cluster18
0,2,1,12160,cluster11,cluster11
1.05638,3,1,3120,cluster11,cluster18
0,2,1,12150,cluster11,cluster11
1.04982,3,1,3110,cluster11,cluster18
0,2,1,12140,cluster11,cluster11
0,2,1,12130,cluster11,cluster11
0.065867,2,1,12120,cluster11,cluster11
0.064951,2,1,12110,cluster11,cluster11
0,4,1,20200,cluster11,cluster11
0,4,1,20190,cluster11,cluster11
0,4,1,20180,cluster11,cluster11
0,4,1,20170,cluster11,cluster11
0,4,1,20160,cluster11,cluster11
0,4,1,20150,cluster11,cluster11
0,4,1,20140,cluster11,cluster11
0,4,1,20130,cluster11,cluster11
0,4,1,20120,cluster11,cluster11
0,4,1,20110,cluster11,cluster11
0.259297,4,1,2010,cluster11,cluster11
0.13091,4,1,2000,cluster11,cluster11
0.156852,4,1,1590,cluster11,cluster11
0.27527,4,1,1580,cluster11,cluster11
0.253744,4,1,1570,cluster11,cluster11
0,2,1,11310,cluster11,cluster11
0.258334,4,1,1560,cluster11,cluster11
0,2,1,11300,cluster11,cluster11
0.235866,4,1,1550,cluster11,cluster11
0,2,1,11290,cluster11,cluster11
0.197734,4,1,1540,cluster11,cluster11
0,2,1,11280,cluster11,cluster11
0.399054,4,1,1530,cluster11,cluster11
0,2,1,11270,cluster11,cluster11
0.47402,4,1,1520,cluster11,cluster11
0,2,1,11260,cluster11,cluster11
0,2,1,11250,cluster11,cluster11
0,2,1,11240,cluster11,cluster11
0,2,1,11230,cluster11,cluster11
0,2,1,11220,cluster11,cluster11
0.733283,4,1,7180,cluster11,cluster11
0.723501,4,1,7170,cluster11,cluster11
0.132983,6,0,1200,cluster11,cluster11
0.141517,6,0,1190,cluster11,cluster11
0.133449,6,0,1180,cluster11,cluster11
0.901,4,1,7110,cluster11,cluster18
0.053016,6,0,1170,cluster11,cluster11
0.059917,6,0,1160,cluster11,cluster11
0.056267,6,0,1150,cluster11,cluster11
0.061117,6,0,1140,cluster11,cluster11
0.054632,6,0,1130,cluster11,cluster11
0,6,0,22200,cluster11,cluster11
0.050699,6,0,1120,cluster11,cluster11
0,6,0,22190,cluster11,cluster11
0.059283,6,0,1110,cluster11,cluster11
0,6,0,22180,cluster11,cluster11
0,6,0,22170,cluster11,cluster11
0.18055,5,1,7200,cluster11,cluster11
0,6,0,22160,cluster11,cluster11
0.21925,5,1,7190,cluster11,cluster11
0.592367,6,0,13120,cluster11,cluster12
0,6,0,22150,cluster11,cluster11
0,6,0,22140,cluster11,cluster11
0,6,0,22130,cluster11,cluster11
0.223283,5,1,7160,cluster11,cluster11
0,6,0,22120,cluster11,cluster11
0.065567,5,1,7150,cluster11,cluster11
0,6,0,22110,cluster11,cluster11
0,5,1,7140,cluster11,cluster11
0,5,1,7130,cluster11,cluster11
1.05298,3,1,3100,cluster11,cluster18
0.01545,5,1,7120,cluster11,cluster11
1.05138,3,1,3090,cluster11,cluster18
0.009884,5,1,7110,cluster11,cluster11
1.0469,3,1,3080,cluster11,cluster18
1.04687,3,1,3070,cluster11,cluster18
0.076418,2,1,12100,cluster11,cluster11
0.0787,2,1,12090,cluster11,cluster11
0.068217,2,1,12080,cluster11,cluster11
0.069332,2,1,12070,cluster9,cluster11
0.065366,2,1,12060,cluster9,cluster11
0.063717,2,1,12050,cluster9,cluster11
0.05305,2,1,12040,cluster9,cluster11
0.06415,2,1,12030,cluster9,cluster11
0.053401,2,1,12020,cluster9,cluster11
0.068633,2,1,12010,cluster9,cluster11
0.103749,0,0,6190,cluster11,cluster11
0.082601,0,0,6180,cluster11,cluster11
0.105983,0,0,6170,cluster11,cluster11
0.030167,0,0,6160,cluster11,cluster11
0,0,0,6150,cluster11,cluster11
0.097883,0,0,6140,cluster11,cluster11
0.09715,0,0,6130,cluster11,cluster11
0.091067,0,0,6120,cluster11,cluster11
0.111734,0,0,6110,cluster11,cluster11
0.090166,0,0,6100,cluster11,cluster11
0,4,1,20100,cluster11,cluster11
0,4,1,20090,cluster11,cluster11
0,4,1,20080,cluster11,cluster11
0,4,1,20070,cluster11,cluster11
0,4,1,20060,cluster11,cluster11
0,4,1,20050,cluster11,cluster11
0,4,1,20040,cluster11,cluster11
0,4,1,20030,cluster11,cluster11
0,4,1,20020,cluster11,cluster11
0,4,1,20010,cluster11,cluster11
0.193433,3,1,2020,cluster11,cluster11
0.193099,3,1,2010,cluster11,cluster11
0.290703,4,1,1490,cluster11,cluster11
0.216156,4,1,1480,cluster11,cluster11
0.205354,4,1,1470,cluster11,cluster11
0,2,1,11210,cluster11,cluster11
0.257186,4,1,1460,cluster11,cluster11
0,2,1,11200,cluster11,cluster11
0.286173,4,1,1450,cluster11,cluster11
0,2,1,11190,cluster11,cluster11
0.293969,4,1,1440,cluster11,cluster11
0,2,1,11180,cluster11,cluster11
0.322434,4,1,1430,cluster11,cluster11
0,2,1,11170,cluster11,cluster11
0.324767,4,1,1420,cluster11,cluster11
0,2,1,11160,cluster11,cluster11
0,2,1,11150,cluster11,cluster11
0,2,1,11140,cluster11,cluster11
0,2,1,11130,cluster11,cluster11
0.73245,4,1,7100,cluster11,cluster11
0,2,1,11120,cluster11,cluster11
0.741484,4,1,7090,cluster11,cluster11
0.06275,6,0,1100,cluster11,cluster11
0.765767,4,1,7030,cluster11,cluster11
0.052434,6,0,1090,cluster11,cluster11
0.8244,4,1,7020,cluster11,cluster11
0.055767,6,0,1080,cluster11,cluster11
0.082334,6,0,1070,cluster11,cluster11
0.068684,6,0,1060,cluster11,cluster11
0.117317,6,0,1050,cluster11,cluster11
0.1172,6,0,1040,cluster11,cluster11
0.530415,6,0,13080,cluster11,cluster9
0.11955,6,0,1030,cluster11,cluster11
0.539049,6,0,13070,cluster11,cluster9
0,6,0,22100,cluster11,cluster11
0.119433,6,0,1020,cluster11,cluster11
0.530433,6,0,13060,cluster11,cluster9
0,6,0,22090,cluster11,cluster11
0,6,0,1010,cluster11,cluster11
0.43825,6,0,13050,cluster11,cluster9
0,6,0,22080,cluster11,cluster11
0,6,0,22070,cluster11,cluster11
0,5,1,7100,cluster11,cluster11
0,6,0,22060,cluster11,cluster11
0,5,1,7090,cluster11,cluster11
0,6,0,22050,cluster11,cluster11
0,5,1,7080,cluster11,cluster11
0.021867,6,0,22040,cluster11,cluster11
0,5,1,7070,cluster11,cluster11
0.022149,6,0,22030,cluster11,cluster11
0,5,1,7060,cluster11,cluster11
0.018817,6,0,22020,cluster11,cluster11
0,5,1,7050,cluster11,cluster11
0.016867,6,0,22010,cluster11,cluster11
0,5,1,7040,cluster11,cluster11
0,5,1,7030,cluster11,cluster11
0,5,1,7020,cluster11,cluster11
0.225583,4,1,16050,cluster11,cluster17
0,5,1,7010,cluster11,cluster11
0.062733,2,1,12000,cluster9,cluster11
0.067634,2,1,11590,cluster9,cluster11
0.071066,2,1,11580,cluster9,cluster11
0.070433,2,1,11570,cluster9,cluster11
0.050417,2,1,11560,cluster9,cluster11
0.065183,2,1,11550,cluster9,cluster11
0.070216,2,1,11540,cluster9,cluster11
0.054518,2,1,11530,cluster11,cluster11
0.0519,2,1,11520,cluster11,cluster11
0.07915,2,1,11510,cluster11,cluster11
0.163916,0,0,6090,cluster11,cluster11
0.201334,0,0,6080,cluster11,cluster11
0.215084,0,0,6070,cluster11,cluster11
0.206317,0,0,6060,cluster11,cluster11
0.182684,0,0,6050,cluster11,cluster11
0.20505,0,0,6040,cluster11,cluster11
0.178134,0,0,6030,cluster11,cluster11
0.234134,0,0,6020,cluster11,cluster11
0.258999,0,0,6010,cluster11,cluster11
0.381268,0,0,6000,cluster11,cluster11
0.979199,2,1,1560,cluster9,cluster11
0.389849,2,1,1540,cluster11,cluster11
0,4,1,20000,cluster11,cluster11
0,4,1,19590,cluster11,cluster11
0.3236,2,1,1520,cluster11,cluster11
0,4,1,19580,cluster11,cluster11
0.322351,2,1,1510,cluster11,cluster11
0,4,1,19570,cluster11,cluster11
0,4,1,19560,cluster11,cluster11
0,4,1,19550,cluster11,cluster11
0,4,1,19540,cluster11,cluster11
0,4,1,19530,cluster11,cluster11
0,4,1,19520,cluster11,cluster11
0,4,1,19510,cluster11,cluster11
0.185667,3,1,2000,cluster11,cluster11
0.186682,3,1,1590,cluster11,cluster11
0.195733,3,1,1580,cluster11,cluster11
0.181766,3,1,1570,cluster11,cluster11
0,2,1,11110,cluster11,cluster11
0,2,1,11100,cluster11,cluster11
0,2,1,11090,cluster11,cluster11
0,2,1,11080,cluster11,cluster11
0,2,1,11070,cluster11,cluster11
0.007517,5,1,22000,cluster11,cluster11
0.007133,5,1,21590,cluster11,cluster11
0.013083,5,1,21580,cluster11,cluster11
0.035799,5,1,21570,cluster11,cluster11
0,5,1,21540,cluster11,cluster11
0,5,1,21530,cluster11,cluster11
0,5,1,21520,cluster11,cluster11
0.874916,4,1,6550,cluster11,cluster11
0,5,1,21510,cluster11,cluster11
0.816916,4,1,6540,cluster11,cluster11
0,6,0,1000,cluster11,cluster11
0.815767,4,1,6530,cluster11,cluster11
0,6,0,590,cluster11,cluster11
0,6,0,580,cluster11,cluster11
0,6,0,570,cluster11,cluster11
0,6,0,560,cluster11,cluster11
0,6,0,550,cluster11,cluster11
0,6,0,540,cluster11,cluster11
0,6,0,530,cluster11,cluster11
0.024816,6,0,22000,cluster11,cluster11
0,6,0,520,cluster11,cluster11
0.023184,6,0,21590,cluster11,cluster11
0,6,0,510,cluster11,cluster11
0.020117,6,0,21580,cluster11,cluster11
0.012917,6,0,21570,cluster11,cluster11
0,5,1,7000,cluster11,cluster11
0.261334,0,0,5490,cluster11,cluster11
0.015268,6,0,21560,cluster11,cluster11
0,5,1,6590,cluster11,cluster11
0.022201,6,0,21550,cluster11,cluster11
0,5,1,6580,cluster11,cluster11
0.560584,0,0,5480,cluster11,cluster11
0,6,0,21540,cluster11,cluster11
0,5,1,6570,cluster11,cluster11
0.542266,0,0,5470,cluster11,cluster11
0,6,0,21530,cluster11,cluster11
0,5,1,6560,cluster11,cluster11
0.277617,0,0,5460,cluster11,cluster11
0,6,0,21520,cluster11,cluster11
0,5,1,6550,cluster11,cluster11
0,6,0,21510,cluster11,cluster11
0.039334,5,1,6540,cluster11,cluster11
0.04105,5,1,6530,cluster11,cluster11
0.393234,0,0,5430,cluster11,cluster11
0.0553,5,1,6520,cluster11,cluster11
0.617117,0,0,5420,cluster11,cluster11
0.032349,5,1,6510,cluster11,cluster11
0.439301,0,0,5410,cluster11,cluster11
0.056033,2,1,11500,cluster11,cluster11
0.062783,2,1,11490,cluster11,cluster11
0.054534,2,1,11480,cluster11,cluster11
0.044284,2,1,11470,cluster11,cluster11
0.049134,2,1,11460,cluster11,cluster11
1.08783,3,1,2420,cluster11,cluster18
0.050516,2,1,11450,cluster11,cluster11
1.07578,3,1,2410,cluster11,cluster18
0.053635,2,1,11440,cluster11,cluster11
0.004484,2,1,11430,cluster11,cluster11
0,2,1,11420,cluster11,cluster11
0,2,1,11410,cluster11,cluster11
0.42555,0,0,5590,cluster11,cluster11
0.3247,0,0,5580,cluster11,cluster11
0.328966,0,0,5570,cluster11,cluster11
0.247268,0,0,5530,cluster11,cluster11
0.438647,0,0,5520,cluster11,cluster11
0.644063,0,0,5510,cluster11,cluster11
0.686932,0,0,5500,cluster11,cluster11
0.321784,2,1,1490,cluster11,cluster11
0.320433,2,1,1470,cluster11,cluster11
0.313833,2,1,1460,cluster11,cluster11
0,4,1,19500,cluster11,cluster11
0.253734,2,1,1430,cluster11,cluster11
0,4,1,19490,cluster11,cluster11
0,4,1,19480,cluster11,cluster11
0,4,1,19470,cluster11,cluster11
0,4,1,19460,cluster11,cluster11
0,4,1,19450,cluster11,cluster11
0,4,1,19440,cluster11,cluster11
0,4,1,19430,cluster11,cluster11
0,4,1,19420,cluster11,cluster11
0,4,1,19410,cluster11,cluster11
0.177667,3,1,1500,cluster11,cluster11
0.104549,3,1,1440,cluster11,cluster11
0.113267,3,1,1430,cluster16,cluster11
0,5,1,21500,cluster11,cluster11
0,5,1,21490,cluster11,cluster11
0,5,1,21480,cluster11,cluster11
0,5,1,21470,cluster11,cluster11
0,5,1,21460,cluster11,cluster11
0,5,1,21450,cluster11,cluster11
0.829,4,1,6480,cluster11,cluster11
0,5,1,21440,cluster11,cluster11
0.862566,4,1,6470,cluster11,cluster11
0,5,1,21430,cluster11,cluster11
0,5,1,21420,cluster11,cluster11
0,5,1,21410,cluster11,cluster11
0,6,0,500,cluster11,cluster11
0,6,0,490,cluster11,cluster11
0,6,0,480,cluster11,cluster11
0,6,0,470,cluster11,cluster11
0,6,0,460,cluster11,cluster11
0,6,0,450,cluster11,cluster11
0.19412,6,0,440,cluster11,cluster15
0.203736,6,0,430,cluster11,cluster15
0,6,0,21500,cluster11,cluster11
0.197485,6,0,420,cluster11,cluster15
0,6,0,21490,cluster11,cluster11
0,6,0,21480,cluster11,cluster11
0,6,0,21470,cluster11,cluster11
0.053449,5,1,6500,cluster11,cluster11
0,6,0,21460,cluster11,cluster11
0.060816,5,1,6490,cluster11,cluster11
0,6,0,21450,cluster11,cluster11
0.0482,5,1,6480,cluster11,cluster11
0,6,0,21440,cluster11,cluster11
0.0511,5,1,6470,cluster11,cluster11
0.350117,0,0,5370,cluster11,cluster11
0,6,0,21430,cluster11,cluster11
0.049249,5,1,6460,cluster11,cluster11
0.4501,0,0,5360,cluster11,cluster11
0,6,0,21420,cluster11,cluster11
0.027166,5,1,6450,cluster11,cluster11
0.450601,0,0,5350,cluster11,cluster11
0,6,0,21410,cluster11,cluster11
0.049449,5,1,6440,cluster11,cluster11
0.066766,5,1,6430,cluster11,cluster11
0.046851,5,1,6420,cluster11,cluster11
0.034451,5,1,6410,cluster11,cluster11
1.05458,3,1,2360,cluster11,cluster18
0.936583,3,1,2350,cluster11,cluster18
0.816082,3,1,2340,cluster11,cluster18
1.01448,3,1,2330,cluster11,cluster18
0.9616,3,1,2320,cluster11,cluster18
0.930316,3,1,2310,cluster11,cluster18
0.574337,0,0,5490,cluster11,cluster11
0.425866,0,0,5480,cluster11,cluster11
0.293536,0,0,5470,cluster11,cluster11
0.264016,2,1,1380,cluster11,cluster11
0.404099,2,1,1360,cluster11,cluster11
0.26535,2,1,1340,cluster11,cluster11
0,4,1,19400,cluster11,cluster11
0,4,1,19390,cluster11,cluster11
0,4,1,19380,cluster11,cluster11
0.412083,2,1,1310,cluster11,cluster11
0,4,1,19370,cluster11,cluster11
0,4,1,19360,cluster11,cluster11
0,4,1,19350,cluster11,cluster11
0,4,1,19340,cluster11,cluster11
0,4,1,19330,cluster11,cluster11
0,4,1,19320,cluster11,cluster11
0,4,1,19310,cluster11,cluster11
0.119817,3,1,1390,cluster16,cluster11
0.115851,3,1,1380,cluster16,cluster11
0.12745,3,1,1360,cluster16,cluster11
0.134033,3,1,1330,cluster16,cluster11
0,5,1,21400,cluster11,cluster11
0,5,1,21390,cluster11,cluster11
0,5,1,21380,cluster11,cluster11
0,5,1,21370,cluster11,cluster11
0,5,1,21360,cluster11,cluster11
0,5,1,21350,cluster11,cluster11
0.681717,4,1,6380,cluster11,cluster11
0,5,1,21340,cluster11,cluster11
0.685817,4,1,6370,cluster11,cluster11
0,5,1,21330,cluster11,cluster11
0,5,1,21320,cluster11,cluster11
0,5,1,21310,cluster11,cluster11
0,6,0,21400,cluster11,cluster11
0,6,0,21390,cluster11,cluster11
0,6,0,21380,cluster11,cluster11
0.092467,6,0,12340,cluster11,cluster17
0,6,0,21370,cluster11,cluster11
0,6,0,21360,cluster11,cluster11
0.210883,0,0,5290,cluster11,cluster11
0,6,0,21350,cluster11,cluster11
0.458217,0,0,5280,cluster11,cluster11
0,6,0,21340,cluster11,cluster11
0.337833,0,0,5270,cluster11,cluster11
0,6,0,21330,cluster11,cluster11
0,6,0,21320,cluster11,cluster11
0,6,0,21310,cluster11,cluster11
0.256433,0,0,5240,cluster11,cluster11
0.457617,0,0,5230,cluster11,cluster11
0.892133,3,1,2300,cluster11,cluster18
0.877933,3,1,2290,cluster11,cluster18
0.924717,3,1,2280,cluster11,cluster18
0.850117,3,1,2270,cluster11,cluster18
0.842099,3,1,2260,cluster11,cluster18
0.841467,3,1,2250,cluster11,cluster18
0.852282,3,1,2240,cluster11,cluster18
0.856917,3,1,2230,cluster11,cluster18
0.958717,3,1,2220,cluster11,cluster18
1.09478,3,1,2210,cluster11,cluster18
0.200254,0,0,5370,cluster11,cluster11
0.839204,0,0,5340,cluster11,cluster11
0.488084,0,0,5330,cluster11,cluster11
0,4,1,19300,cluster11,cluster11
0,4,1,19290,cluster11,cluster11
0,4,1,19280,cluster11,cluster11
0,4,1,19270,cluster11,cluster11
0,4,1,19260,cluster11,cluster11
0,4,1,19250,cluster11,cluster11
0,4,1,19240,cluster11,cluster11
0,4,1,19230,cluster11,cluster11
0,4,1,19220,cluster11,cluster11
0,4,1,19210,cluster11,cluster11
0.123866,3,1,1230,cluster16,cluster11
0,5,1,21300,cluster11,cluster11
0,5,1,21290,cluster11,cluster11
0,5,1,21280,cluster11,cluster11
0,5,1,21270,cluster11,cluster11
0,5,1,21260,cluster11,cluster11
0.688083,4,1,6290,cluster11,cluster11
0,5,1,21250,cluster11,cluster11
0.687716,4,1,6280,cluster11,cluster11
0,5,1,21240,cluster11,cluster11
0.004666,5,1,21230,cluster11,cluster11
0,5,1,21220,cluster11,cluster11
0,5,1,21210,cluster11,cluster11
0.119983,6,0,12280,cluster11,cluster17
0,6,0,21300,cluster11,cluster11
0,6,0,21290,cluster11,cluster11
0.041434,6,0,21280,cluster11,cluster11
0.041466,6,0,21270,cluster11,cluster11
0.04185,6,0,21260,cluster11,cluster11
0.040983,6,0,21250,cluster11,cluster11
0,6,0,21240,cluster11,cluster11
0,6,0,21230,cluster11,cluster11
0,6,0,21220,cluster11,cluster11
0,6,0,21210,cluster11,cluster11
0.417816,2,1,1190,cluster11,cluster11
0.374184,2,1,1170,cluster11,cluster11
0.400617,2,1,1150,cluster11,cluster11
0.327082,2,1,1140,cluster11,cluster11
0,4,1,19200,cluster11,cluster11
0,4,1,19190,cluster11,cluster11
0,4,1,19180,cluster11,cluster11
0.348217,2,1,1110,cluster3,cluster11
0,4,1,19170,cluster11,cluster11
0,4,1,19160,cluster11,cluster11
0,4,1,19150,cluster11,cluster11
0,4,1,19140,cluster11,cluster11
0,4,1,19130,cluster11,cluster11
0,4,1,19120,cluster11,cluster11
0,4,1,19110,cluster11,cluster11
0,5,1,21200,cluster11,cluster11
0,5,1,21190,cluster11,cluster11
0,5,1,21180,cluster11,cluster11
0,5,1,21170,cluster11,cluster11
0.709599,4,1,6200,cluster11,cluster11
0,5,1,21160,cluster11,cluster11
0.732884,4,1,6190,cluster11,cluster11
0,5,1,21150,cluster11,cluster11
0,5,1,21140,cluster11,cluster11
0,5,1,21130,cluster11,cluster11
0,5,1,21120,cluster11,cluster11
0,5,1,21110,cluster11,cluster11
0.8397,4,1,6130,cluster11,cluster18
0.698017,4,1,6120,cluster11,cluster11
0.694549,4,1,6110,cluster11,cluster11
0.078033,2,1,1100,cluster3,cluster11
0.1779,2,1,1090,cluster3,cluster11
0.357483,2,1,1080,cluster3,cluster11
0.234067,2,1,1070,cluster3,cluster11
0.436533,2,1,1060,cluster3,cluster11
0.227567,2,1,1050,cluster3,cluster11
0.846683,2,1,1040,cluster3,cluster11
0,4,1,19100,cluster11,cluster11
1.1075,2,1,1030,cluster3,cluster11
0,4,1,19090,cluster11,cluster11
0,4,1,19080,cluster11,cluster11
0,4,1,19070,cluster11,cluster11
0,4,1,19060,cluster11,cluster11
0,4,1,19050,cluster11,cluster11
0,4,1,19040,cluster11,cluster11
0,4,1,19030,cluster11,cluster11
0,4,1,19020,cluster11,cluster11
0,4,1,19010,cluster11,cluster11
0,5,1,21100,cluster11,cluster11
0,5,1,21090,cluster11,cluster11
0,5,1,21080,cluster11,cluster11
0,5,1,21070,cluster11,cluster11
0,5,1,21060,cluster11,cluster11
0,5,1,21050,cluster11,cluster11
0,5,1,21040,cluster11,cluster11
0,5,1,21030,cluster11,cluster11
0.850766,4,1,6060,cluster11,cluster18
0,5,1,21020,cluster11,cluster11
0.720799,4,1,6050,cluster11,cluster11
0,5,1,21010,cluster11,cluster11
0.732017,4,1,6040,cluster11,cluster11
0,5,1,21000,cluster11,cluster11
0,5,1,20590,cluster11,cluster11
0,5,1,20580,cluster11,cluster11
0,5,1,20570,cluster11,cluster11
0,5,1,20560,cluster11,cluster11
0.9789,4,1,5590,cluster18,cluster11
0,5,1,20550,cluster11,cluster11
0.984399,4,1,5580,cluster18,cluster11
0,5,1,20540,cluster11,cluster11
0,5,1,20530,cluster11,cluster11
1.87107,4,1,5560,cluster11,cluster18
0,5,1,20520,cluster11,cluster11
1.8134,4,1,5550,cluster11,cluster18
0,5,1,20510,cluster11,cluster11
0.864767,4,1,5520,cluster11,cluster11
0.878332,4,1,5510,cluster11,cluster11
